10021636	1
9088602	2
4863082	3
4224811	4
3826628	5
3808975	6
3381716	7
2943437	8
2943434	9
2298849	10
1280132	11
1278094	12
1251958	13
1105775	14
981610	15
807109	17
791703	18
682245	19
640066	20
577555	21
538417	22
526690	23
526470	24
513202	25
460595	26
456777	27
437797	28
431500	29
419227	30
401202	31
376545	32
360317	33
337925	34
319160	35
297895	36
297607	37
296252	38
273350	40
270024	41
250145	42
238685	43
226027	44
223520	45
219807	46
211844	47
207022	48
204654	49
197971	50
195340	51
195191	52
191990	53
186752	54
185788	55
181263	56
178971	57
178646	58
177141	59
173918	61
167911	62
165900	63
163925	64
163056	65
160546	66
157405	67
154656	69
154568	70
150322	71
150067	72
149839	73
149382	74
148561	75
147202	76
146206	77
146134	78
145727	79
145673	80
145534	81
145501	82
141863	83
141804	84
141040	85
138290	86
137725	87
137720	88
136693	89
136395	90
135844	91
135561	92
135550	93
135497	94
134816	95
131686	96
129748	98
129383	99
128361	100
127576	101
125426	102
124390	103
123447	104
122498	105
122045	106
121221	108
120109	109
117611	110
117195	111
116209	112
113397	113
112431	114
110223	115
105612	116
105036	117
104414	118
104181	119
104169	120
104139	121
102422	122
102155	123
101282	125
100354	126
98651	128
97128	129
95044	131
94710	132
93413	133
92721	134
92435	135
92419	136
91883	137
91735	138
90663	139
89799	140
89718	141
89671	142
88714	143
88558	144
86703	145
86455	146
86211	147
83272	148
83082	149
83078	151
82177	152
81806	153
79852	155
79824	156
79764	157
79729	158
79534	159
77504	161
77107	162
77080	163
77074	164
76804	165
76189	166
75847	167
75343	168
75273	169
74552	170
74213	171
73687	172
72466	173
72457	174
72317	175
72139	176
71329	177
70388	179
70253	180
70171	181
70078	182
68850	183
67870	184
67789	185
66469	186
66123	187
65857	188
65205	189
65129	190
64596	191
64160	192
64023	193
63514	194
63395	195
63234	196
63017	198
62151	200
62070	201
62061	202
61954	203
61734	204
61652	205
61468	206
61249	207
61199	208
60288	209
59355	210
59017	211
58652	212
58539	213
58099	214
58088	215
57222	216
57077	217
56652	218
56627	219
56367	220
56280	222
55500	223
55335	224
55230	225
54629	229
54603	230
54570	231
54254	232
54233	233
53625	234
53394	235
52288	236
51993	237
51910	238
51699	239
51261	240
51187	241
51139	242
50469	243
49975	244
49938	245
49835	247
49784	248
49777	249
49751	250
48331	251
48228	252
48195	254
47070	255
46863	256
46723	257
46704	258
46670	259
46412	260
46393	261
46341	262
45040	263
45039	264
45034	265
44295	266
44086	267
44073	268
43499	269
43294	270
43217	271
43204	272
43189	273
42974	275
42947	277
42897	278
42640	279
42580	280
42286	281
41532	283
41460	284
41421	285
41116	286
40887	288
40533	289
40436	290
40233	291
40224	293
40204	294
39955	295
39838	296
39297	297
39185	298
39155	299
39050	300
38949	301
38918	302
38834	303
38775	304
38620	305
38591	306
38495	307
38128	308
37960	309
37902	310
37705	311
37429	312
37118	313
37087	314
36665	315
36614	316
36459	317
36382	318
36162	319
35646	320
35255	321
35128	322
35098	323
34161	324
34137	325
34132	326
34123	327
34113	328
34031	329
33950	330
33889	331
32976	335
32922	336
32899	338
32846	339
32540	340
31861	341
31833	342
31645	343
31536	344
31516	345
31447	346
31128	347
30930	348
30860	350
30729	351
30619	352
30418	353
30299	354
30239	355
30037	356
29810	357
29782	358
29665	359
29654	360
29589	361
29501	362
29030	363
29010	364
28954	365
28843	366
28579	367
28497	368
28486	369
28410	370
28387	371
28186	372
28007	374
27691	375
27575	376
27486	377
27348	378
27138	379
27059	380
27054	381
27032	382
26873	383
26845	384
26840	385
26769	386
26716	387
26564	388
26373	390
26359	391
26339	392
26329	393
26124	395
26118	396
26103	397
26067	398
25997	399
25945	400
25872	401
25830	402
25819	403
25576	404
25382	405
25336	406
25195	407
25112	408
24996	409
24981	410
24934	411
24915	412
24799	413
24788	414
24598	415
24354	416
24346	418
24304	419
24287	420
24211	421
24088	422
23986	423
23827	424
23526	425
23289	426
23262	428
23251	429
23245	430
23040	432
22916	433
22865	434
22812	436
22809	437
22714	438
22695	439
22480	440
22452	441
22378	443
22264	444
22235	445
22227	447
22196	448
22172	449
22010	450
21900	451
21888	452
21831	453
21800	455
21517	456
21479	457
21331	458
21286	459
21232	460
21214	462
21082	463
21072	464
20941	465
20762	466
20756	467
20703	469
20662	470
20658	471
20635	472
20625	473
20611	474
20513	475
20459	476
20412	477
20382	478
20316	479
20187	480
20178	481
20091	482
20067	483
20065	485
20041	486
20024	487
19990	488
19953	490
19921	491
19809	492
19722	493
19672	494
19614	495
19595	496
19585	497
19572	498
19553	499
19390	500
19135	501
19111	502
19107	503
19061	504
19050	505
19009	506
18876	508
18867	509
18818	510
18813	511
18792	512
18768	513
18741	514
18724	515
18539	516
18532	518
18511	519
18432	520
18409	521
18304	522
18273	523
18234	524
18204	525
18202	526
18163	527
18082	528
18048	529
18014	530
18001	531
17949	532
17847	533
17782	534
17623	535
17581	536
17525	537
17369	538
17340	539
17317	540
17169	542
17145	543
17083	544
17082	545
17064	546
17048	548
16992	549
16988	550
16826	551
16819	552
16747	553
16746	556
16742	557
16741	558
16686	559
16567	560
16566	561
16438	562
16412	564
16389	565
16366	567
16295	568
16278	569
16235	570
16200	571
16135	572
16013	573
16010	575
16008	576
15964	578
15930	579
15872	580
15852	581
15842	582
15803	583
15781	584
15750	585
15743	586
15742	587
15729	588
15685	589
15672	590
15669	591
15595	592
15593	593
15582	594
15448	595
15440	596
15438	598
15386	599
15349	600
15336	601
15328	602
15326	603
15241	604
15225	605
15188	606
15185	607
15183	609
15154	610
15132	611
15102	612
15056	613
14977	614
14934	615
14865	616
14849	617
14800	618
14696	619
14626	620
14617	621
14595	622
14588	624
14524	627
14496	629
14475	630
14447	631
14407	632
14371	633
14355	634
14230	635
14227	636
14225	637
14195	638
14165	639
14124	640
14123	641
14109	642
14095	643
14063	645
14061	646
14018	647
14009	648
13957	649
13928	650
13925	651
13919	652
13903	653
13900	654
13898	655
13894	656
13820	657
13783	658
13741	659
13729	660
13704	661
13695	662
13691	663
13681	664
13680	665
13662	666
13602	667
13566	668
13549	670
13539	671
13538	672
13533	673
13520	674
13518	675
13502	676
13483	677
13468	678
13464	679
13431	680
13397	681
13375	682
13320	683
13260	684
13242	686
13087	687
13079	688
13074	689
13061	690
12998	691
12974	693
12953	694
12853	695
12737	696
12692	697
12673	698
12663	699
12650	700
12628	701
12626	702
12567	703
12564	704
12520	705
12459	706
12435	707
12396	709
12383	710
12382	711
12345	712
12341	713
12314	715
12310	716
12306	717
12272	719
12245	720
12201	721
12187	722
12170	723
12152	725
12151	726
12147	727
12123	728
12099	729
12097	730
12093	731
12043	732
12015	733
11997	736
11985	737
11982	738
11962	739
11920	740
11893	741
11867	742
11866	743
11864	744
11854	745
11849	746
11830	748
11825	749
11815	750
11800	751
11794	752
11780	753
11763	755
11756	756
11739	758
11727	759
11717	760
11685	761
11681	762
11680	763
11668	764
11567	765
11539	766
11532	768
11526	769
11523	770
11510	771
11432	772
11418	773
11399	774
11390	775
11362	776
11355	777
11353	778
11339	779
11292	780
11280	781
11274	782
11272	783
11257	784
11211	785
11205	786
11184	788
11176	789
11161	790
11160	791
11135	792
11134	793
11059	794
11046	795
11036	796
11033	798
11029	799
11009	800
11005	801
10997	802
10995	803
10994	804
10993	805
10988	806
10969	807
10940	809
10933	810
10891	811
10878	812
10859	813
10847	814
10839	815
10802	816
10781	817
10746	818
10715	819
10713	820
10672	821
10654	822
10624	823
10619	825
10598	826
10591	827
10580	828
10498	829
10484	830
10481	831
10439	832
10437	833
10427	834
10426	835
10423	836
10362	837
10333	838
10330	839
10275	840
10259	841
10250	843
10218	844
10198	845
10188	846
10173	847
10168	849
10134	850
10121	852
10119	853
10115	854
10094	855
10081	856
10079	858
10076	859
10051	860
10033	861
10012	862
9995	863
9991	864
9945	865
9934	866
9933	868
9931	869
9926	871
9919	872
9907	873
9901	874
9894	875
9893	876
9883	877
9882	878
9880	879
9855	880
9844	881
9760	882
9748	883
9731	884
9730	885
9674	890
9658	891
9647	892
9644	893
9610	894
9604	895
9569	896
9528	897
9519	898
9514	900
9512	901
9479	902
9454	903
9428	904
9408	905
9396	906
9371	907
9344	908
9343	909
9325	910
9311	911
9294	912
9269	913
9247	914
9238	915
9229	916
9218	917
9200	918
9179	919
9168	920
9151	921
9115	922
9096	923
9066	924
9042	925
9026	926
9015	927
9012	928
8994	929
8993	930
8982	931
8974	932
8947	933
8908	934
8906	935
8898	936
8895	937
8873	941
8869	943
8864	947
8857	948
8849	949
8836	950
8810	951
8806	952
8792	953
8790	954
8782	955
8766	956
8762	957
8709	959
8700	960
8698	961
8696	962
8679	963
8647	964
8645	965
8629	966
8628	967
8627	968
8623	969
8553	970
8549	971
8547	972
8502	973
8480	974
8464	975
8446	976
8419	977
8414	978
8403	979
8401	981
8392	982
8385	983
8370	984
8362	985
8352	986
8348	987
8335	988
8324	989
8263	990
8258	991
8245	992
8233	993
8231	994
8204	995
8198	996
8186	997
8132	998
8130	999
8128	1000
8108	1002
8106	1003
8094	1004
8090	1005
8018	1006
8003	1008
8001	1009
7992	1010
7983	1011
7959	1012
7935	1013
7930	1014
7888	1015
7877	1016
7867	1017
7862	1018
7861	1019
7826	1020
7825	1021
7824	1022
7810	1023
7785	1024
7781	1025
7779	1026
7774	1027
7757	1028
7700	1029
7699	1030
7679	1031
7663	1032
7660	1033
7652	1034
7611	1035
7608	1036
7604	1037
7599	1038
7589	1039
7573	1040
7538	1041
7512	1042
7507	1043
7493	1044
7487	1045
7484	1046
7479	1048
7469	1050
7460	1051
7407	1052
7406	1054
7396	1056
7389	1057
7387	1058
7367	1059
7313	1060
7311	1061
7295	1062
7266	1063
7242	1064
7233	1065
7231	1066
7197	1068
7193	1069
7189	1070
7178	1071
7165	1072
7163	1073
7147	1074
7137	1075
7136	1076
7129	1077
7107	1078
7098	1079
7082	1081
7072	1083
7034	1084
7014	1086
7004	1087
7002	1088
6983	1089
6954	1090
6927	1091
6910	1092
6890	1093
6888	1094
6854	1095
6825	1096
6815	1097
6799	1099
6764	1100
6741	1101
6723	1102
6714	1103
6713	1104
6710	1105
6702	1106
6692	1107
6645	1108
6644	1109
6640	1110
6624	1111
6611	1112
6585	1113
6581	1114
6578	1115
6577	1116
6573	1117
6549	1118
6548	1119
6545	1120
6541	1121
6528	1122
6492	1124
6488	1125
6484	1126
6481	1127
6432	1128
6415	1129
6414	1130
6412	1131
6392	1134
6389	1135
6366	1136
6356	1137
6344	1138
6297	1139
6295	1140
6293	1141
6268	1142
6267	1143
6263	1144
6249	1145
6244	1146
6242	1147
6237	1148
6235	1149
6233	1150
6225	1151
6223	1152
6201	1153
6197	1154
6183	1155
6182	1156
6180	1158
6172	1160
6169	1161
6168	1162
6167	1163
6154	1164
6151	1165
6148	1166
6146	1167
6118	1168
6116	1169
6115	1170
6100	1171
6095	1172
6089	1173
6077	1175
6068	1176
6066	1177
6062	1178
6036	1179
6033	1180
6029	1181
6027	1182
6006	1183
5993	1184
5992	1185
5989	1186
5987	1187
5973	1188
5963	1189
5961	1190
5951	1191
5948	1192
5947	1193
5946	1195
5944	1196
5921	1197
5904	1198
5889	1200
5862	1202
5861	1203
5841	1204
5829	1206
5828	1207
5816	1208
5812	1209
5802	1210
5787	1211
5763	1213
5746	1214
5685	1217
5680	1219
5656	1220
5651	1221
5650	1222
5648	1223
5641	1224
5633	1225
5631	1226
5611	1227
5602	1228
5600	1229
5595	1231
5588	1234
5582	1235
5579	1236
5573	1237
5571	1238
5570	1239
5569	1240
5561	1241
5546	1242
5541	1243
5539	1244
5536	1247
5533	1248
5532	1249
5528	1250
5525	1252
5510	1253
5506	1254
5503	1255
5493	1256
5491	1257
5478	1258
5472	1259
5469	1260
5459	1261
5455	1262
5438	1263
5437	1264
5418	1265
5415	1266
5414	1268
5413	1269
5408	1270
5406	1271
5387	1272
5386	1273
5384	1274
5382	1275
5381	1276
5380	1277
5377	1278
5369	1279
5367	1280
5366	1281
5363	1282
5361	1283
5358	1284
5341	1285
5332	1286
5331	1287
5320	1288
5309	1289
5307	1290
5306	1291
5295	1292
5288	1293
5237	1294
5235	1296
5232	1297
5229	1298
5226	1299
5202	1300
5198	1301
5176	1303
5169	1304
5166	1305
5149	1306
5147	1307
5146	1308
5141	1309
5139	1310
5133	1311
5129	1312
5127	1313
5110	1314
5108	1316
5099	1318
5097	1319
5094	1320
5082	1321
5078	1323
5076	1325
5073	1327
5062	1328
5057	1329
5056	1330
5050	1331
5042	1332
5040	1333
5036	1334
5035	1336
5032	1337
5028	1338
5025	1339
5019	1340
5013	1341
5009	1342
4998	1343
4990	1344
4989	1345
4975	1346
4974	1347
4956	1350
4951	1351
4950	1352
4938	1353
4916	1355
4915	1356
4912	1357
4911	1358
4900	1359
4899	1360
4869	1362
4867	1365
4862	1366
4857	1367
4839	1368
4836	1370
4819	1371
4803	1372
4800	1374
4797	1375
4783	1376
4776	1377
4769	1378
4767	1380
4758	1381
4742	1383
4741	1385
4737	1388
4720	1389
4719	1390
4713	1391
4710	1392
4704	1393
4703	1394
4701	1396
4692	1397
4687	1398
4683	1399
4668	1400
4662	1401
4650	1402
4637	1404
4631	1405
4624	1406
4608	1407
4606	1408
4600	1409
4598	1411
4592	1412
4591	1413
4589	1414
4578	1415
4573	1416
4568	1417
4562	1418
4551	1419
4550	1420
4545	1422
4540	1423
4527	1424
4514	1425
4504	1426
4487	1427
4485	1428
4484	1429
4466	1430
4464	1431
4458	1432
4453	1433
4437	1434
4435	1435
4426	1436
4407	1437
4398	1438
4392	1439
4390	1440
4386	1441
4385	1443
4375	1444
4372	1445
4366	1446
4356	1447
4351	1448
4348	1449
4335	1451
4328	1452
4319	1453
4318	1454
4311	1455
4306	1456
4301	1458
4296	1460
4295	1461
4277	1462
4276	1464
4275	1467
4261	1468
4249	1469
4237	1470
4226	1471
4223	1472
4219	1473
4218	1474
4213	1475
4205	1477
4196	1478
4195	1479
4185	1482
4184	1483
4179	1485
4168	1487
4159	1488
4157	1489
4156	1490
4146	1491
4141	1492
4137	1494
4136	1495
4130	1496
4125	1497
4122	1499
4107	1500
4095	1501
4093	1503
4079	1504
4063	1505
4058	1506
4051	1507
4035	1508
4025	1509
4022	1510
4019	1511
4012	1512
4009	1513
4002	1515
4001	1516
4000	1517
3995	1518
3987	1519
3986	1521
3979	1523
3968	1524
3966	1525
3960	1526
3955	1528
3948	1530
3946	1532
3935	1533
3926	1534
3921	1535
3914	1536
3913	1537
3907	1538
3905	1540
3904	1541
3903	1543
3902	1544
3901	1545
3872	1546
3870	1547
3864	1548
3858	1549
3849	1551
3848	1552
3844	1553
3841	1554
3832	1556
3831	1557
3783	1558
3781	1559
3778	1560
3777	1562
3775	1563
3771	1564
3770	1565
3766	1566
3748	1567
3746	1569
3739	1570
3738	1571
3715	1572
3713	1574
3703	1575
3699	1576
3691	1577
3685	1578
3681	1579
3671	1580
3665	1581
3662	1583
3661	1584
3655	1585
3652	1586
3651	1587
3648	1588
3645	1589
3639	1590
3638	1591
3637	1592
3635	1594
3627	1595
3625	1596
3624	1597
3622	1598
3616	1599
3615	1600
3614	1601
3611	1602
3610	1603
3606	1604
3602	1605
3598	1607
3597	1609
3594	1610
3592	1611
3583	1612
3582	1613
3581	1614
3575	1616
3566	1617
3558	1618
3551	1619
3544	1620
3543	1621
3541	1622
3535	1623
3530	1625
3529	1626
3526	1628
3523	1629
3518	1630
3517	1631
3516	1633
3513	1634
3511	1635
3510	1636
3500	1639
3492	1640
3490	1641
3489	1642
3486	1643
3483	1644
3481	1645
3474	1646
3471	1647
3466	1648
3462	1649
3459	1651
3452	1652
3451	1653
3449	1654
3445	1655
3442	1656
3441	1657
3436	1659
3430	1660
3428	1661
3424	1662
3420	1663
3419	1664
3417	1665
3411	1666
3408	1667
3400	1668
3397	1669
3387	1670
3361	1673
3360	1674
3358	1675
3356	1677
3350	1679
3349	1681
3348	1682
3345	1683
3334	1685
3329	1686
3327	1687
3326	1689
3325	1690
3319	1691
3316	1692
3314	1693
3312	1694
3298	1695
3296	1696
3295	1697
3292	1698
3286	1699
3270	1700
3263	1701
3262	1702
3261	1703
3256	1704
3252	1705
3251	1706
3247	1707
3243	1708
3240	1709
3238	1710
3234	1711
3230	1714
3228	1715
3226	1716
3224	1717
3221	1718
3218	1719
3216	1720
3212	1721
3210	1722
3207	1723
3204	1724
3194	1725
3186	1726
3179	1727
3174	1728
3171	1730
3169	1731
3168	1732
3164	1733
3161	1734
3155	1735
3136	1737
3134	1738
3130	1739
3122	1740
3116	1741
3115	1742
3112	1743
3110	1744
3105	1745
3100	1747
3095	1748
3083	1749
3082	1750
3080	1752
3078	1753
3076	1755
3075	1756
3073	1757
3072	1759
3071	1760
3069	1763
3068	1769
3066	1770
3064	1771
3062	1772
3053	1773
3050	1777
3049	1778
3036	1779
3030	1782
3018	1783
3016	1785
3005	1787
3004	1789
3000	1790
2997	1791
2993	1792
2992	1796
2986	1798
2976	1799
2973	1800
2968	1802
2964	1803
2961	1804
2960	1805
2959	1806
2957	1807
2953	1808
2951	1809
2950	1810
2947	1811
2945	1812
2944	1813
2935	1815
2931	1816
2928	1818
2923	1819
2921	1820
2919	1821
2914	1822
2912	1823
2909	1826
2908	1827
2898	1828
2897	1829
2895	1830
2893	1831
2891	1832
2880	1833
2877	1834
2876	1835
2873	1836
2871	1837
2867	1840
2860	1842
2858	1843
2857	1844
2855	1846
2854	1847
2852	1849
2851	1850
2841	1851
2839	1852
2838	1853
2837	1854
2835	1855
2832	1856
2831	1857
2830	1858
2829	1859
2825	1860
2824	1861
2816	1863
2813	1865
2812	1866
2811	1868
2808	1870
2807	1871
2806	1872
2800	1873
2799	1874
2790	1876
2786	1878
2777	1879
2776	1880
2775	1883
2772	1884
2770	1885
2765	1886
2761	1887
2760	1888
2759	1889
2758	1890
2757	1891
2756	1892
2754	1893
2750	1894
2748	1895
2744	1897
2743	1898
2742	1900
2738	1901
2734	1902
2732	1903
2731	1904
2728	1905
2726	1906
2725	1907
2724	1909
2723	1911
2722	1912
2711	1914
2707	1915
2704	1917
2703	1918
2702	1919
2701	1921
2700	1923
2699	1924
2696	1925
2694	1928
2693	1929
2689	1930
2687	1933
2686	1934
2683	1935
2678	1936
2677	1937
2674	1938
2665	1939
2658	1940
2656	1941
2653	1942
2649	1944
2648	1945
2646	1946
2645	1947
2644	1948
2639	1949
2638	1950
2636	1951
2632	1952
2627	1954
2623	1955
2622	1958
2620	1960
2613	1961
2612	1963
2609	1964
2608	1965
2607	1967
2604	1968
2600	1969
2599	1970
2598	1971
2595	1972
2594	1974
2593	1975
2592	1977
2589	1978
2588	1979
2587	1980
2586	1982
2584	1983
2583	1984
2581	1985
2578	1986
2577	1987
2576	1989
2574	1990
2572	1992
2570	1993
2569	1995
2567	1996
2566	1998
2559	1999
2558	2000
2551	2001
2537	2002
2533	2003
2530	2004
2526	2005
2524	2009
2523	2010
2522	2012
2517	2013
2511	2014
2510	2015
2507	2016
2506	2017
2505	2018
2502	2019
2496	2020
2493	2021
2492	2022
2491	2023
2489	2024
2487	2025
2482	2026
2481	2027
2477	2028
2476	2029
2472	2030
2469	2031
2467	2032
2466	2037
2463	2038
2462	2042
2460	2044
2459	2045
2455	2046
2453	2047
2452	2049
2447	2050
2446	2053
2441	2054
2440	2056
2435	2058
2433	2059
2430	2061
2428	2062
2424	2063
2420	2065
2419	2066
2417	2067
2416	2070
2415	2072
2406	2073
2405	2074
2404	2075
2403	2076
2402	2077
2400	2078
2397	2079
2395	2080
2394	2081
2392	2084
2390	2085
2387	2087
2386	2088
2384	2090
2377	2091
2375	2092
2372	2094
2370	2095
2369	2096
2368	2097
2366	2098
2365	2099
2362	2101
2360	2103
2358	2104
2357	2105
2356	2106
2347	2107
2345	2108
2344	2110
2340	2111
2335	2112
2334	2113
2333	2114
2331	2115
2324	2116
2323	2118
2320	2119
2319	2122
2316	2123
2315	2125
2314	2126
2313	2128
2311	2129
2310	2131
2308	2132
2307	2133
2305	2134
2304	2135
2303	2138
2302	2140
2301	2141
2300	2142
2299	2144
2298	2145
2296	2146
2293	2147
2292	2150
2291	2151
2289	2153
2287	2154
2286	2155
2283	2157
2282	2158
2279	2159
2277	2160
2276	2161
2275	2162
2274	2163
2271	2164
2270	2166
2268	2167
2266	2168
2264	2169
2256	2170
2252	2172
2248	2173
2247	2174
2246	2176
2241	2177
2239	2178
2238	2179
2235	2181
2233	2182
2230	2183
2229	2184
2228	2185
2225	2187
2220	2188
2219	2189
2218	2190
2217	2191
2216	2192
2213	2193
2212	2195
2211	2196
2207	2198
2203	2199
2202	2200
2194	2201
2191	2203
2185	2204
2184	2205
2183	2208
2182	2209
2181	2210
2180	2213
2179	2214
2178	2216
2171	2217
2170	2218
2168	2219
2167	2220
2166	2222
2165	2223
2163	2225
2162	2226
2160	2227
2157	2228
2155	2229
2150	2230
2149	2233
2148	2234
2144	2235
2141	2236
2137	2237
2136	2238
2132	2240
2130	2241
2127	2242
2126	2243
2125	2244
2124	2245
2121	2247
2120	2250
2118	2251
2116	2252
2110	2253
2106	2254
2099	2256
2096	2257
2091	2263
2089	2266
2086	2268
2085	2270
2083	2272
2081	2274
2080	2275
2076	2276
2075	2277
2072	2279
2071	2280
2070	2282
2064	2283
2061	2284
2059	2286
2058	2287
2057	2288
2056	2290
2052	2291
2051	2293
2046	2294
2045	2295
2042	2297
2039	2298
2038	2299
2032	2300
2030	2301
2028	2303
2027	2304
2026	2306
2024	2307
2023	2308
2021	2309
2019	2310
2016	2311
2015	2312
2014	2313
2010	2315
2009	2316
2007	2318
2005	2319
2000	2320
1999	2321
1998	2322
1995	2323
1994	2326
1993	2327
1991	2330
1986	2331
1984	2333
1980	2334
1978	2336
1977	2338
1975	2339
1973	2340
1972	2341
1971	2342
1968	2344
1967	2345
1964	2347
1963	2348
1962	2349
1957	2350
1956	2352
1954	2356
1952	2357
1951	2359
1949	2360
1948	2362
1947	2363
1946	2364
1945	2365
1943	2367
1940	2368
1939	2370
1938	2371
1936	2373
1935	2375
1932	2376
1927	2377
1926	2378
1924	2380
1921	2383
1917	2384
1916	2385
1915	2388
1912	2389
1911	2390
1910	2391
1909	2393
1905	2394
1904	2397
1903	2400
1899	2403
1898	2404
1897	2405
1896	2407
1895	2409
1894	2411
1893	2412
1891	2413
1890	2414
1889	2415
1887	2417
1884	2419
1882	2420
1880	2421
1878	2425
1877	2428
1876	2430
1875	2432
1874	2435
1873	2437
1871	2439
1869	2441
1867	2443
1866	2447
1865	2448
1864	2449
1863	2450
1860	2452
1859	2453
1858	2454
1857	2457
1856	2458
1855	2459
1852	2460
1851	2461
1850	2463
1849	2464
1845	2466
1844	2468
1842	2470
1841	2471
1836	2472
1832	2474
1831	2476
1830	2477
1824	2478
1823	2480
1822	2482
1821	2484
1820	2485
1817	2488
1816	2489
1815	2491
1810	2492
1807	2493
1806	2496
1805	2497
1804	2501
1803	2503
1802	2504
1800	2507
1798	2508
1793	2509
1785	2510
1784	2511
1783	2513
1782	2514
1781	2517
1780	2520
1779	2521
1778	2522
1775	2524
1773	2525
1770	2526
1767	2527
1766	2528
1764	2529
1763	2531
1762	2532
1759	2533
1758	2534
1757	2535
1756	2536
1754	2537
1752	2538
1750	2539
1749	2540
1748	2541
1745	2543
1742	2545
1741	2546
1739	2547
1738	2548
1737	2549
1736	2550
1731	2554
1730	2555
1729	2556
1728	2557
1727	2558
1726	2559
1723	2560
1720	2561
1718	2562
1717	2563
1716	2565
1715	2567
1713	2568
1711	2569
1709	2572
1705	2573
1704	2574
1703	2575
1701	2577
1699	2579
1695	2580
1694	2582
1693	2584
1692	2586
1690	2588
1688	2589
1687	2591
1684	2592
1683	2594
1681	2597
1679	2598
1678	2600
1677	2601
1676	2603
1675	2604
1674	2605
1673	2608
1671	2609
1670	2611
1669	2612
1667	2613
1666	2614
1665	2616
1662	2617
1661	2618
1660	2619
1659	2621
1657	2622
1655	2623
1653	2625
1652	2627
1651	2629
1649	2630
1646	2631
1645	2632
1642	2633
1641	2634
1640	2635
1638	2636
1637	2637
1635	2640
1632	2642
1631	2644
1630	2646
1629	2648
1625	2649
1624	2650
1622	2652
1620	2653
1619	2655
1618	2656
1617	2657
1616	2658
1615	2659
1614	2660
1612	2661
1611	2664
1608	2665
1607	2666
1606	2667
1605	2668
1601	2670
1597	2672
1594	2675
1593	2676
1592	2677
1589	2678
1587	2679
1586	2681
1583	2682
1582	2683
1580	2686
1579	2687
1578	2690
1577	2693
1575	2694
1574	2695
1573	2696
1572	2697
1571	2699
1570	2701
1569	2702
1568	2703
1564	2706
1563	2708
1562	2709
1560	2710
1559	2711
1558	2712
1557	2714
1556	2718
1555	2720
1554	2722
1553	2723
1552	2726
1551	2727
1547	2728
1546	2729
1544	2730
1543	2735
1541	2737
1540	2738
1537	2741
1536	2742
1535	2743
1534	2744
1533	2746
1529	2748
1527	2749
1525	2750
1524	2751
1523	2754
1521	2756
1520	2757
1519	2759
1518	2760
1516	2761
1514	2762
1513	2763
1512	2764
1510	2765
1508	2766
1507	2767
1506	2768
1505	2769
1501	2771
1500	2772
1499	2775
1498	2776
1497	2777
1496	2779
1494	2780
1492	2781
1491	2783
1490	2784
1487	2786
1484	2788
1482	2789
1481	2790
1479	2793
1476	2794
1475	2795
1471	2797
1469	2798
1467	2799
1466	2803
1465	2806
1463	2809
1460	2811
1459	2813
1456	2814
1454	2816
1453	2817
1452	2819
1448	2822
1447	2823
1445	2825
1444	2826
1443	2828
1442	2830
1441	2833
1440	2834
1437	2835
1436	2836
1434	2837
1432	2838
1431	2840
1430	2843
1429	2845
1427	2846
1424	2848
1421	2851
1420	2853
1419	2856
1417	2857
1415	2859
1414	2861
1413	2863
1412	2864
1408	2866
1406	2868
1403	2869
1402	2870
1400	2872
1398	2873
1396	2875
1395	2876
1394	2877
1392	2879
1388	2880
1387	2883
1386	2885
1384	2886
1382	2887
1380	2888
1378	2890
1377	2891
1376	2893
1373	2894
1371	2895
1370	2896
1369	2898
1368	2900
1360	2901
1359	2902
1358	2903
1357	2904
1356	2906
1355	2909
1354	2911
1351	2912
1350	2913
1349	2915
1348	2918
1347	2919
1346	2920
1345	2921
1344	2923
1342	2926
1341	2927
1340	2928
1339	2932
1338	2934
1337	2936
1335	2939
1334	2940
1331	2941
1329	2943
1327	2946
1326	2947
1324	2949
1323	2951
1320	2952
1319	2956
1318	2957
1317	2958
1314	2959
1313	2961
1312	2962
1309	2964
1308	2965
1306	2966
1304	2968
1302	2970
1301	2973
1300	2976
1299	2977
1298	2978
1297	2979
1296	2980
1295	2981
1294	2983
1292	2984
1290	2985
1287	2986
1286	2987
1283	2988
1282	2989
1279	2993
1278	2994
1277	2997
1275	2998
1274	2999
1273	3002
1272	3004
1271	3005
1270	3011
1267	3013
1266	3015
1263	3016
1262	3017
1260	3018
1258	3019
1257	3021
1255	3022
1254	3023
1251	3024
1250	3025
1249	3026
1248	3028
1246	3029
1245	3030
1244	3032
1240	3033
1239	3035
1238	3038
1235	3042
1234	3043
1233	3045
1231	3046
1230	3047
1227	3049
1226	3051
1225	3052
1223	3054
1222	3055
1221	3056
1220	3057
1219	3058
1217	3061
1216	3062
1215	3065
1214	3066
1212	3067
1210	3068
1208	3069
1207	3071
1206	3073
1205	3075
1203	3076
1200	3077
1199	3078
1197	3081
1196	3083
1194	3086
1193	3088
1190	3093
1188	3094
1186	3095
1185	3096
1182	3099
1181	3101
1180	3103
1179	3105
1177	3107
1174	3110
1173	3111
1169	3113
1167	3114
1165	3115
1164	3116
1162	3117
1161	3119
1160	3121
1159	3122
1158	3123
1157	3125
1156	3126
1155	3127
1154	3129
1153	3131
1152	3132
1150	3134
1149	3136
1148	3138
1146	3141
1144	3142
1143	3144
1142	3145
1141	3146
1140	3148
1139	3152
1138	3154
1137	3156
1136	3158
1134	3160
1133	3163
1129	3166
1128	3167
1126	3168
1125	3169
1124	3171
1123	3172
1122	3176
1121	3177
1120	3178
1119	3179
1118	3180
1117	3182
1116	3184
1115	3188
1114	3190
1113	3191
1112	3192
1109	3193
1108	3196
1107	3197
1106	3198
1103	3205
1102	3207
1101	3210
1100	3214
1099	3215
1098	3219
1097	3222
1096	3224
1094	3225
1092	3226
1091	3228
1090	3232
1089	3233
1088	3234
1087	3238
1086	3240
1085	3243
1082	3245
1081	3247
1080	3249
1078	3251
1077	3252
1076	3257
1075	3260
1074	3262
1073	3264
1071	3265
1070	3267
1069	3269
1066	3271
1065	3274
1064	3275
1063	3277
1062	3279
1061	3281
1060	3282
1059	3284
1058	3287
1057	3294
1056	3298
1055	3299
1053	3301
1052	3302
1051	3304
1049	3306
1048	3309
1046	3311
1045	3313
1044	3315
1043	3316
1042	3317
1041	3321
1040	3325
1039	3332
1038	3343
1037	3347
1036	3350
1035	3354
1034	3357
1033	3360
1032	3364
1031	3365
1030	3367
1029	3368
1028	3369
1025	3370
1024	3373
1023	3376
1022	3377
1021	3381
1020	3382
1019	3384
1018	3385
1017	3386
1015	3387
1014	3389
1013	3390
1012	3391
1011	3393
1010	3398
1009	3399
1008	3400
1005	3404
1003	3405
1000	3406
999	3407
997	3410
996	3411
995	3413
994	3414
992	3416
991	3418
988	3420
987	3421
986	3423
985	3426
983	3427
982	3429
979	3431
977	3434
976	3439
975	3440
974	3441
973	3443
971	3446
970	3448
969	3449
968	3452
967	3454
966	3455
965	3456
964	3459
962	3460
961	3461
960	3465
959	3466
958	3467
956	3468
955	3469
954	3471
953	3473
952	3476
950	3477
949	3480
948	3481
947	3482
946	3485
945	3489
944	3493
943	3494
942	3496
941	3497
940	3498
938	3499
937	3501
936	3502
935	3505
934	3509
933	3515
931	3517
928	3518
924	3521
923	3523
922	3525
919	3527
918	3528
917	3531
916	3533
915	3534
914	3535
913	3539
912	3541
910	3545
909	3549
908	3554
907	3557
906	3561
905	3564
904	3565
903	3566
902	3571
901	3573
900	3576
899	3581
898	3584
897	3585
896	3586
893	3587
892	3589
891	3590
890	3593
889	3596
888	3597
887	3598
886	3599
884	3600
883	3601
882	3605
881	3608
880	3609
879	3610
878	3612
877	3614
876	3622
875	3624
874	3627
873	3629
872	3633
871	3637
870	3638
869	3640
868	3643
867	3644
866	3648
865	3649
864	3652
863	3656
861	3660
860	3668
859	3673
858	3678
857	3681
856	3688
855	3689
854	3691
853	3692
852	3694
851	3697
850	3699
849	3703
848	3707
847	3709
846	3711
844	3712
843	3714
842	3715
841	3722
840	3727
839	3731
838	3735
837	3741
836	3746
835	3751
834	3754
833	3755
832	3756
831	3758
830	3761
829	3762
828	3766
827	3767
826	3769
825	3770
824	3771
822	3775
821	3778
820	3782
819	3786
818	3787
817	3789
816	3790
815	3793
814	3797
813	3798
812	3799
811	3801
810	3804
808	3806
807	3807
805	3815
804	3818
803	3821
802	3822
801	3824
800	3825
796	3826
795	3831
794	3832
793	3835
792	3838
791	3839
790	3842
789	3845
788	3847
787	3848
786	3855
785	3860
784	3868
783	3869
782	3871
781	3874
780	3878
779	3883
778	3885
777	3893
776	3898
775	3899
774	3903
773	3908
772	3912
771	3917
770	3922
769	3924
768	3926
767	3930
765	3931
764	3932
763	3936
762	3939
761	3942
760	3943
759	3945
758	3948
757	3950
756	3951
755	3954
754	3957
753	3959
752	3963
751	3965
750	3967
749	3968
748	3971
747	3974
746	3975
744	3979
743	3981
742	3987
741	3989
740	3992
739	3995
738	3998
737	3999
736	4001
735	4002
734	4006
733	4008
732	4011
731	4017
730	4019
728	4020
727	4023
726	4029
725	4032
723	4036
722	4040
721	4044
720	4045
719	4047
718	4051
717	4054
716	4060
715	4063
714	4064
713	4066
712	4068
711	4073
708	4076
707	4082
706	4086
705	4087
704	4088
703	4090
702	4093
701	4095
700	4100
699	4102
698	4104
697	4109
696	4113
695	4115
694	4122
693	4126
692	4128
691	4130
690	4132
689	4136
688	4139
687	4141
686	4146
685	4147
683	4150
682	4155
681	4159
680	4163
679	4166
678	4169
677	4171
676	4173
675	4175
674	4178
673	4183
672	4192
670	4195
669	4196
668	4198
667	4201
666	4205
665	4206
664	4207
663	4208
662	4210
661	4212
659	4214
658	4215
657	4217
656	4221
655	4225
654	4228
653	4229
652	4234
651	4235
650	4241
649	4245
648	4246
647	4250
646	4253
645	4255
644	4259
643	4262
642	4264
641	4271
639	4273
638	4277
637	4281
636	4282
635	4287
634	4291
633	4294
632	4297
631	4300
630	4303
629	4308
628	4311
627	4318
626	4322
625	4327
624	4331
623	4332
622	4336
621	4342
620	4346
619	4352
618	4354
617	4358
616	4364
615	4370
614	4377
613	4382
612	4398
611	4412
610	4417
609	4422
608	4427
607	4431
606	4432
605	4433
604	4435
603	4439
602	4443
601	4448
600	4451
599	4452
598	4456
597	4460
596	4463
595	4466
594	4467
593	4471
592	4482
591	4484
590	4487
589	4493
587	4501
586	4503
585	4506
584	4510
583	4515
582	4519
581	4523
580	4528
579	4531
578	4533
577	4542
576	4546
575	4553
574	4558
573	4561
572	4566
571	4570
570	4571
569	4576
568	4578
567	4581
566	4584
565	4586
564	4593
563	4596
562	4600
561	4605
560	4609
559	4613
558	4622
557	4627
556	4629
555	4633
554	4636
553	4640
552	4642
551	4644
550	4646
549	4649
548	4651
547	4653
546	4656
545	4659
544	4663
543	4669
542	4672
541	4681
540	4682
539	4688
538	4690
537	4695
536	4698
535	4704
534	4706
533	4709
532	4712
531	4726
530	4733
529	4738
528	4739
527	4744
526	4749
525	4752
524	4757
523	4766
522	4771
521	4772
520	4773
519	4775
518	4780
517	4783
516	4790
515	4794
514	4797
513	4800
511	4804
509	4805
508	4808
507	4812
506	4815
504	4816
503	4820
502	4824
501	4829
500	4833
499	4834
498	4841
497	4846
495	4849
494	4852
493	4854
492	4862
491	4869
490	4871
489	4878
488	4881
487	4885
485	4890
484	4895
483	4905
482	4912
481	4920
480	4927
479	4930
478	4937
477	4941
476	4947
475	4953
474	4955
473	4961
472	4965
471	4969
470	4972
469	4980
468	4983
467	4988
466	4992
465	4997
463	5002
462	5008
461	5011
460	5019
459	5022
458	5026
457	5032
456	5039
455	5047
454	5049
453	5054
452	5063
451	5067
450	5068
449	5072
448	5076
447	5081
446	5083
445	5090
444	5094
443	5102
442	5105
441	5109
440	5119
439	5128
438	5136
437	5140
436	5149
435	5152
434	5158
433	5164
432	5171
431	5173
430	5178
429	5188
428	5202
427	5207
426	5210
425	5215
424	5221
423	5227
422	5229
421	5235
420	5250
419	5260
418	5273
417	5283
416	5287
415	5295
414	5300
413	5307
412	5308
411	5320
410	5326
409	5333
408	5337
407	5348
406	5354
405	5360
404	5362
403	5368
402	5374
401	5377
400	5382
399	5387
398	5394
397	5397
396	5403
395	5408
394	5417
393	5420
392	5424
391	5428
390	5429
389	5433
388	5439
387	5441
386	5451
385	5452
384	5459
383	5473
382	5487
381	5490
380	5493
379	5498
378	5503
377	5507
376	5509
375	5511
374	5514
373	5517
372	5521
371	5523
370	5528
369	5532
368	5539
367	5541
366	5545
365	5550
364	5554
363	5562
362	5566
361	5572
360	5577
359	5581
358	5588
357	5593
356	5601
355	5609
354	5612
353	5620
352	5623
351	5627
350	5634
349	5636
348	5644
347	5654
346	5658
345	5672
344	5682
343	5699
342	5704
341	5715
340	5727
339	5734
338	5744
337	5748
336	5755
335	5760
334	5773
333	5781
332	5790
331	5798
330	5808
329	5815
328	5827
327	5833
326	5843
325	5849
324	5857
323	5864
322	5869
321	5876
320	5887
319	5895
318	5902
317	5908
316	5921
315	5929
314	5936
313	5945
312	5954
311	5963
310	5975
309	5979
308	5993
307	6003
306	6012
305	6021
304	6030
303	6038
302	6049
301	6066
300	6076
299	6083
298	6094
297	6098
296	6107
295	6116
294	6123
293	6134
292	6151
291	6158
290	6172
289	6177
288	6186
287	6191
286	6201
285	6209
284	6219
283	6240
282	6251
281	6259
280	6265
279	6275
278	6283
277	6291
276	6302
275	6307
274	6313
273	6323
272	6338
271	6354
270	6363
269	6379
268	6393
267	6410
266	6421
265	6440
264	6452
263	6463
262	6479
261	6494
260	6509
259	6520
258	6529
257	6537
256	6546
255	6564
254	6583
253	6595
252	6602
251	6616
250	6636
249	6651
248	6664
247	6672
246	6685
245	6695
244	6710
243	6717
242	6733
241	6748
240	6754
239	6769
238	6780
237	6796
236	6809
235	6820
234	6828
233	6840
232	6861
231	6877
230	6904
229	6921
228	6929
227	6938
226	6954
225	6968
224	6977
223	6990
222	7002
221	7019
220	7040
219	7052
218	7068
217	7081
216	7092
215	7104
214	7124
213	7133
212	7145
211	7161
210	7179
209	7200
208	7210
207	7229
206	7244
205	7257
204	7269
203	7280
202	7298
201	7322
200	7344
199	7361
198	7382
197	7400
196	7418
195	7435
194	7451
193	7467
192	7478
191	7496
190	7518
189	7532
188	7545
187	7560
186	7571
185	7583
184	7597
183	7612
182	7623
181	7639
180	7653
179	7664
178	7680
177	7692
176	7706
175	7724
174	7739
173	7752
172	7764
171	7776
170	7798
169	7810
168	7830
167	7844
166	7870
165	7886
164	7905
163	7924
162	7933
161	7947
160	7965
159	7979
158	7991
157	8017
156	8031
155	8048
154	8063
153	8090
152	8107
151	8140
150	8157
149	8172
148	8195
147	8221
146	8246
145	8267
144	8298
143	8319
142	8340
141	8352
140	8377
139	8396
138	8415
137	8443
136	8474
135	8497
134	8526
133	8548
132	8587
131	8607
130	8632
129	8664
128	8689
127	8707
126	8729
125	8746
124	8771
123	8801
122	8824
121	8854
120	8881
119	8921
118	8958
117	8977
116	9010
115	9033
114	9072
113	9109
112	9143
111	9166
110	9196
109	9217
108	9258
107	9291
106	9323
105	9356
104	9393
103	9426
102	9454
101	9488
100	9528
99	9554
98	9588
97	9630
96	9677
95	9736
94	9767
93	9812
92	9856
91	9896
90	9939
89	9974
88	10026
87	10065
86	10102
85	10138
84	10184
83	10233
82	10283
81	10331
80	10382
79	10425
78	10492
77	10533
76	10586
75	10633
74	10681
73	10722
72	10786
71	10832
70	10882
69	10939
68	11013
67	11053
66	11115
65	11179
64	11248
63	11306
62	11369
61	11424
60	11522
59	11574
58	11650
57	11738
56	11890
55	11971
54	12080
53	12146
52	12227
51	12318
50	12403
49	12479
48	12576
47	12655
46	12739
45	12838
44	12935
43	13024
42	13140
41	13232
40	13336
39	13497
38	13625
37	13760
36	13877
35	13994
34	14153
33	14284
32	14458
31	14635
30	14823
29	15007
28	15183
27	15361
26	15613
25	15767
24	15972
23	16178
22	16468
21	16711
20	17394
19	17908
18	18251
17	18610
16	19284
15	19669
14	20126
13	20512
12	21027
11	21629
10	22340
9	23180
8	24096
7	25010
6	26110
5	27414
4	29191
3	31742
2	37065
1	54629
