1	403056
2	147526
3	147425
4	69900
5	64872
6	55935
7	46017
8	37141
9	36256
10	27510
11	26558
12	25163
13	24074
14	23507
15	22957
16	21914
17	20528
18	20132
19	19798
20	18770
21	18502
22	17850
23	17333
24	17229
25	16908
26	15943
27	15929
28	15696
29	15678
30	15455
31	15360
32	15016
33	14849
34	14466
35	14373
36	14328
37	14324
38	13869
39	13302
40	13100
41	12706
42	12204
43	11855
44	11782
45	11455
46	11401
47	11175
48	11149
49	11123
50	11026
51	10669
52	10425
53	10285
54	10034
55	10033
56	9643
57	9572
58	9443
59	9329
60	9237
61	8975
62	8948
63	8782
64	8757
65	8580
66	8558
67	8499
68	8457
69	8398
70	8395
71	8385
72	8316
73	8270
74	8266
75	8224
76	8210
77	8176
78	8150
79	8120
80	8106
81	8071
82	8052
83	8050
84	8040
85	8024
86	7957
87	7897
88	7883
89	7848
90	7775
91	7751
92	7746
93	7743
94	7735
95	7722
96	7613
97	7597
98	7547
99	7534
100	7528
101	7345
102	7331
103	7315
104	7200
105	7138
106	7123
107	7066
108	7049
109	7016
110	6997
111	6929
112	6919
113	6866
114	6767
115	6746
116	6742
117	6709
118	6700
119	6697
120	6644
121	6605
122	6604
123	6599
124	6560
125	6554
126	6474
127	6439
128	6433
129	6374
130	6303
131	6295
132	6279
133	6255
134	6251
135	6241
136	6222
137	6211
138	6200
139	6179
140	6172
141	6154
142	6138
143	6099
144	6032
145	5979
146	5969
147	5961
148	5922
149	5920
150	5877
151	5877
152	5867
153	5857
154	5854
155	5842
156	5837
157	5799
158	5739
159	5735
160	5723
161	5722
162	5714
163	5696
164	5682
165	5674
166	5609
167	5582
168	5575
169	5571
170	5557
171	5555
172	5543
173	5518
174	5497
175	5467
176	5457
177	5452
178	5443
179	5442
180	5437
181	5427
182	5424
183	5424
184	5422
185	5419
186	5418
187	5412
188	5392
189	5383
190	5378
191	5368
192	5364
193	5354
194	5338
195	5300
196	5283
197	5267
198	5264
199	5255
200	5249
201	5247
202	5240
203	5236
204	5222
205	5139
206	5132
207	5101
208	5081
209	5070
210	5060
211	5011
212	4992
213	4980
214	4962
215	4901
216	4901
217	4884
218	4844
219	4836
220	4831
221	4795
222	4794
223	4792
224	4773
225	4747
226	4746
227	4736
228	4720
229	4705
230	4699
231	4698
232	4681
233	4664
234	4658
235	4618
236	4617
237	4605
238	4589
239	4587
240	4562
241	4553
242	4532
243	4529
244	4510
245	4503
246	4502
247	4496
248	4463
249	4451
250	4400
251	4396
252	4394
253	4390
254	4381
255	4376
256	4371
257	4370
258	4357
259	4341
260	4330
261	4314
262	4313
263	4305
264	4302
265	4288
266	4283
267	4271
268	4270
269	4268
270	4258
271	4252
272	4244
273	4243
274	4224
275	4212
276	4206
277	4170
278	4167
279	4162
280	4161
281	4158
282	4157
283	4139
284	4134
285	4132
286	4118
287	4111
288	4109
289	4105
290	4068
291	4064
292	4063
293	4060
294	4057
295	4038
296	4038
297	4036
298	4026
299	3984
300	3983
301	3980
302	3960
303	3948
304	3943
305	3943
306	3935
307	3931
308	3921
309	3906
310	3906
311	3897
312	3886
313	3881
314	3881
315	3873
316	3871
317	3860
318	3856
319	3845
320	3833
321	3833
322	3815
323	3809
324	3786
325	3779
326	3775
327	3773
328	3771
329	3761
330	3749
331	3749
332	3747
333	3727
334	3723
335	3721
336	3714
337	3710
338	3709
339	3706
340	3687
341	3685
342	3680
343	3656
344	3641
345	3620
346	3609
347	3608
348	3603
349	3600
350	3595
351	3593
352	3584
353	3583
354	3583
355	3579
356	3576
357	3574
358	3565
359	3548
360	3546
361	3544
362	3531
363	3529
364	3524
365	3519
366	3510
367	3508
368	3497
369	3496
370	3491
371	3485
372	3481
373	3481
374	3479
375	3472
376	3468
377	3463
378	3461
379	3457
380	3455
381	3451
382	3445
383	3442
384	3438
385	3432
386	3430
387	3427
388	3425
389	3422
390	3419
391	3417
392	3416
393	3415
394	3413
395	3408
396	3407
397	3406
398	3394
399	3390
400	3389
401	3389
402	3385
403	3382
404	3379
405	3374
406	3358
407	3357
408	3355
409	3355
410	3351
411	3344
412	3341
413	3339
414	3337
415	3327
416	3319
417	3316
418	3312
419	3307
420	3303
421	3299
422	3299
423	3295
424	3292
425	3274
426	3270
427	3262
428	3259
429	3258
430	3253
431	3240
432	3235
433	3234
434	3231
435	3228
436	3227
437	3227
438	3226
439	3226
440	3226
441	3223
442	3222
443	3221
444	3208
445	3207
446	3207
447	3206
448	3202
449	3188
450	3186
451	3176
452	3172
453	3172
454	3152
455	3148
456	3147
457	3137
458	3132
459	3129
460	3122
461	3120
462	3120
463	3116
464	3115
465	3114
466	3114
467	3101
468	3100
469	3095
470	3094
471	3093
472	3086
473	3080
474	3080
475	3072
476	3071
477	3065
478	3063
479	3059
480	3058
481	3056
482	3048
483	3045
484	3043
485	3036
486	3034
487	3029
488	3027
489	3027
490	3021
491	3018
492	3012
493	3010
494	3007
495	3007
496	3006
497	3006
498	3003
499	3000
500	3000
501	2982
502	2981
503	2981
504	2979
505	2975
506	2972
507	2972
508	2971
509	2967
510	2965
511	2961
512	2960
513	2956
514	2954
515	2952
516	2949
517	2946
518	2946
519	2946
520	2942
521	2941
522	2941
523	2937
524	2937
525	2934
526	2930
527	2929
528	2925
529	2923
530	2920
531	2917
532	2917
533	2917
534	2916
535	2914
536	2912
537	2911
538	2909
539	2905
540	2905
541	2903
542	2901
543	2898
544	2897
545	2889
546	2879
547	2868
548	2866
549	2859
550	2859
551	2859
552	2854
553	2849
554	2848
555	2848
556	2842
557	2840
558	2839
559	2838
560	2835
561	2833
562	2832
563	2830
564	2826
565	2824
566	2823
567	2819
568	2818
569	2807
570	2806
571	2806
572	2803
573	2799
574	2798
575	2790
576	2789
577	2788
578	2788
579	2782
580	2781
581	2776
582	2774
583	2773
584	2772
585	2768
586	2764
587	2763
588	2760
589	2755
590	2754
591	2753
592	2747
593	2743
594	2742
595	2741
596	2740
597	2738
598	2736
599	2728
600	2727
601	2726
602	2721
603	2712
604	2707
605	2707
606	2704
607	2704
608	2702
609	2698
610	2696
611	2693
612	2688
613	2687
614	2687
615	2686
616	2680
617	2675
618	2672
619	2665
620	2663
621	2655
622	2654
623	2654
624	2654
625	2652
626	2649
627	2645
628	2644
629	2643
630	2641
631	2640
632	2636
633	2634
634	2627
635	2625
636	2619
637	2618
638	2616
639	2615
640	2609
641	2607
642	2603
643	2602
644	2598
645	2596
646	2596
647	2585
648	2584
649	2584
650	2580
651	2579
652	2578
653	2578
654	2575
655	2572
656	2569
657	2568
658	2558
659	2556
660	2556
661	2554
662	2553
663	2552
664	2551
665	2549
666	2546
667	2544
668	2544
669	2542
670	2541
671	2541
672	2537
673	2534
674	2531
675	2527
676	2526
677	2524
678	2522
679	2521
680	2519
681	2517
682	2514
683	2513
684	2505
685	2505
686	2498
687	2495
688	2493
689	2492
690	2491
691	2489
692	2483
693	2481
694	2481
695	2478
696	2477
697	2474
698	2474
699	2470
700	2463
701	2462
702	2456
703	2456
704	2453
705	2452
706	2449
707	2448
708	2445
709	2440
710	2438
711	2437
712	2434
713	2434
714	2432
715	2429
716	2428
717	2428
718	2427
719	2425
720	2425
721	2422
722	2419
723	2413
724	2411
725	2410
726	2410
727	2408
728	2406
729	2402
730	2400
731	2400
732	2397
733	2395
734	2394
735	2389
736	2388
737	2385
738	2384
739	2380
740	2379
741	2378
742	2374
743	2373
744	2372
745	2372
746	2372
747	2370
748	2370
749	2368
750	2366
751	2366
752	2366
753	2366
754	2365
755	2365
756	2364
757	2359
758	2356
759	2354
760	2351
761	2351
762	2351
763	2349
764	2349
765	2346
766	2346
767	2344
768	2342
769	2338
770	2335
771	2334
772	2330
773	2327
774	2327
775	2326
776	2325
777	2324
778	2320
779	2314
780	2312
781	2311
782	2310
783	2305
784	2304
785	2304
786	2304
787	2302
788	2299
789	2299
790	2297
791	2297
792	2293
793	2292
794	2287
795	2284
796	2282
797	2280
798	2279
799	2275
800	2273
801	2273
802	2272
803	2272
804	2271
805	2267
806	2266
807	2265
808	2263
809	2263
810	2259
811	2259
812	2259
813	2257
814	2257
815	2255
816	2253
817	2253
818	2252
819	2248
820	2248
821	2248
822	2247
823	2243
824	2241
825	2241
826	2237
827	2237
828	2232
829	2231
830	2230
831	2229
832	2228
833	2226
834	2225
835	2225
836	2223
837	2223
838	2223
839	2221
840	2220
841	2219
842	2217
843	2215
844	2214
845	2214
846	2212
847	2212
848	2211
849	2211
850	2210
851	2209
852	2206
853	2205
854	2204
855	2203
856	2203
857	2200
858	2199
859	2199
860	2196
861	2195
862	2195
863	2192
864	2191
865	2190
866	2189
867	2188
868	2188
869	2187
870	2187
871	2186
872	2186
873	2186
874	2182
875	2181
876	2177
877	2175
878	2175
879	2174
880	2172
881	2168
882	2167
883	2165
884	2164
885	2163
886	2161
887	2161
888	2158
889	2154
890	2153
891	2149
892	2145
893	2144
894	2144
895	2142
896	2142
897	2141
898	2141
899	2138
900	2135
901	2134
902	2133
903	2132
904	2131
905	2129
906	2128
907	2128
908	2127
909	2127
910	2123
911	2123
912	2120
913	2113
914	2113
915	2111
916	2110
917	2108
918	2107
919	2104
920	2102
921	2101
922	2100
923	2100
924	2099
925	2098
926	2098
927	2097
928	2097
929	2096
930	2096
931	2096
932	2095
933	2095
934	2093
935	2093
936	2092
937	2090
938	2090
939	2087
940	2085
941	2085
942	2084
943	2083
944	2082
945	2081
946	2081
947	2081
948	2081
949	2079
950	2078
951	2077
952	2077
953	2077
954	2073
955	2072
956	2072
957	2071
958	2070
959	2070
960	2068
961	2067
962	2067
963	2065
964	2064
965	2062
966	2062
967	2062
968	2061
969	2061
970	2059
971	2059
972	2057
973	2057
974	2056
975	2056
976	2054
977	2053
978	2051
979	2051
980	2049
981	2048
982	2047
983	2046
984	2041
985	2039
986	2036
987	2036
988	2036
989	2035
990	2032
991	2032
992	2032
993	2031
994	2028
995	2027
996	2026
997	2025
998	2025
999	2023
1001	2016
1002	2014
1003	2013
1005	2011
1006	2010
1007	2009
1009	2009
1010	2008
1011	2006
1013	2005
1015	2004
1017	2001
1018	2000
1019	1999
1020	1996
1022	1995
1024	1994
1026	1992
1028	1989
1030	1989
1032	1987
1033	1986
1035	1986
1036	1983
1037	1982
1039	1981
1041	1980
1042	1979
1043	1976
1045	1975
1046	1974
1048	1973
1049	1971
1050	1970
1051	1969
1052	1968
1054	1967
1055	1961
1057	1960
1058	1959
1059	1956
1060	1955
1062	1954
1063	1948
1065	1948
1066	1947
1067	1946
1068	1945
1070	1945
1071	1943
1072	1942
1073	1940
1075	1940
1076	1939
1077	1937
1078	1936
1079	1935
1080	1933
1081	1932
1082	1929
1083	1928
1084	1927
1085	1925
1086	1923
1087	1921
1089	1920
1090	1919
1091	1918
1093	1918
1094	1917
1095	1916
1097	1916
1098	1915
1100	1915
1102	1914
1103	1913
1105	1913
1106	1912
1107	1911
1108	1909
1110	1908
1111	1904
1112	1903
1113	1902
1114	1901
1115	1900
1117	1899
1119	1898
1120	1897
1121	1896
1123	1896
1124	1892
1126	1892
1127	1891
1129	1891
1130	1889
1131	1888
1132	1886
1133	1885
1134	1884
1136	1884
1137	1883
1138	1882
1139	1879
1141	1878
1142	1877
1143	1876
1145	1876
1146	1875
1148	1872
1149	1870
1151	1869
1152	1868
1153	1866
1154	1865
1155	1864
1156	1862
1157	1861
1159	1860
1160	1858
1161	1857
1163	1854
1164	1853
1166	1852
1168	1852
1169	1850
1170	1849
1171	1848
1173	1848
1174	1846
1175	1845
1177	1844
1178	1843
1180	1842
1181	1841
1183	1840
1185	1840
1186	1839
1187	1836
1189	1835
1191	1834
1192	1833
1194	1831
1195	1830
1196	1826
1197	1825
1199	1824
1201	1823
1202	1822
1204	1820
1205	1818
1206	1817
1208	1816
1210	1814
1211	1812
1212	1811
1214	1809
1215	1807
1216	1806
1218	1805
1219	1804
1221	1803
1222	1802
1224	1802
1225	1801
1227	1800
1228	1799
1229	1798
1231	1796
1232	1794
1233	1793
1234	1790
1236	1786
1237	1785
1239	1783
1240	1782
1242	1780
1244	1779
1245	1776
1247	1775
1248	1774
1249	1773
1251	1772
1253	1771
1254	1770
1255	1769
1256	1768
1258	1767
1260	1763
1262	1763
1264	1762
1266	1762
1267	1761
1269	1761
1271	1760
1273	1760
1275	1759
1276	1758
1278	1758
1279	1757
1280	1754
1281	1753
1283	1753
1284	1751
1285	1750
1287	1749
1289	1748
1290	1747
1292	1746
1294	1745
1296	1743
1298	1743
1300	1742
1301	1741
1302	1740
1304	1739
1306	1738
1308	1737
1310	1736
1311	1735
1312	1734
1314	1729
1315	1727
1317	1725
1318	1723
1319	1722
1320	1721
1322	1720
1323	1718
1325	1718
1326	1717
1328	1715
1329	1712
1330	1711
1331	1708
1332	1707
1333	1705
1334	1704
1335	1702
1337	1702
1338	1700
1339	1699
1340	1696
1341	1695
1342	1694
1344	1693
1345	1691
1346	1690
1348	1690
1350	1690
1351	1689
1352	1688
1354	1688
1355	1685
1356	1683
1357	1682
1358	1680
1360	1679
1361	1678
1363	1677
1365	1675
1366	1674
1367	1671
1368	1670
1370	1670
1372	1669
1373	1667
1375	1667
1377	1666
1378	1665
1380	1664
1382	1664
1383	1663
1385	1662
1386	1661
1387	1660
1389	1660
1390	1659
1392	1658
1394	1658
1395	1656
1397	1655
1398	1654
1400	1653
1401	1652
1402	1651
1404	1649
1406	1648
1408	1648
1409	1647
1411	1646
1413	1645
1414	1644
1416	1643
1417	1642
1419	1641
1421	1638
1423	1637
1425	1636
1427	1635
1429	1635
1430	1634
1432	1633
1434	1632
1435	1630
1437	1630
1439	1629
1440	1628
1442	1628
1443	1627
1445	1627
1446	1623
1447	1622
1448	1621
1449	1620
1450	1619
1451	1618
1452	1616
1453	1615
1455	1614
1457	1613
1458	1612
1459	1611
1460	1609
1462	1608
1464	1607
1465	1606
1466	1605
1468	1605
1469	1604
1470	1603
1472	1603
1473	1602
1474	1601
1475	1600
1476	1599
1478	1597
1479	1595
1480	1594
1481	1593
1482	1592
1484	1592
1485	1591
1487	1591
1489	1589
1491	1588
1492	1587
1493	1586
1495	1585
1497	1584
1499	1582
1500	1581
1501	1580
1503	1580
1505	1580
1507	1579
1508	1578
1510	1577
1512	1576
1514	1575
1516	1574
1517	1572
1518	1571
1519	1570
1521	1569
1522	1568
1523	1567
1524	1566
1526	1566
1528	1565
1529	1564
1531	1563
1533	1562
1534	1561
1536	1560
1538	1559
1539	1558
1541	1558
1542	1556
1543	1554
1544	1553
1546	1551
1548	1551
1550	1551
1551	1549
1552	1548
1553	1547
1555	1547
1556	1545
1558	1545
1560	1542
1561	1541
1563	1540
1565	1540
1566	1539
1568	1539
1570	1538
1571	1537
1573	1536
1575	1535
1576	1534
1578	1534
1579	1533
1580	1532
1581	1529
1583	1529
1584	1528
1586	1528
1587	1527
1589	1526
1590	1525
1591	1523
1593	1523
1594	1522
1596	1521
1598	1521
1600	1521
1602	1520
1604	1519
1606	1519
1607	1517
1608	1516
1609	1515
1611	1515
1613	1514
1615	1513
1616	1512
1617	1510
1619	1510
1621	1510
1623	1509
1625	1508
1626	1506
1628	1505
1630	1505
1631	1504
1632	1503
1634	1502
1636	1502
1638	1501
1640	1501
1641	1500
1643	1499
1645	1498
1647	1497
1649	1496
1650	1495
1651	1494
1653	1493
1654	1492
1655	1491
1657	1491
1658	1490
1660	1489
1662	1489
1664	1489
1666	1488
1668	1487
1669	1486
1671	1485
1673	1483
1675	1482
1676	1481
1677	1480
1678	1479
1680	1479
1682	1478
1683	1476
1685	1476
1687	1475
1688	1474
1689	1473
1690	1472
1691	1471
1693	1471
1695	1471
1696	1470
1697	1469
1699	1468
1701	1467
1702	1465
1704	1463
1705	1462
1707	1460
1709	1460
1711	1459
1713	1459
1715	1458
1716	1457
1718	1456
1720	1456
1722	1456
1724	1456
1726	1455
1728	1454
1729	1453
1730	1452
1732	1451
1734	1451
1736	1450
1737	1449
1738	1448
1740	1447
1742	1446
1743	1445
1745	1445
1747	1444
1749	1443
1750	1441
1751	1440
1752	1438
1754	1437
1756	1436
1758	1435
1760	1434
1762	1434
1764	1433
1766	1431
1767	1428
1769	1428
1770	1427
1771	1426
1773	1425
1775	1425
1777	1424
1779	1424
1781	1423
1783	1421
1784	1420
1786	1420
1787	1419
1789	1419
1791	1418
1793	1417
1795	1416
1797	1416
1799	1415
1801	1414
1803	1414
1805	1413
1806	1412
1808	1412
1810	1412
1811	1411
1813	1411
1814	1410
1816	1410
1817	1409
1819	1408
1821	1408
1822	1407
1824	1406
1826	1405
1828	1405
1829	1403
1831	1403
1832	1402
1834	1402
1835	1400
1837	1399
1839	1399
1841	1399
1842	1398
1844	1398
1845	1397
1847	1396
1848	1395
1850	1395
1851	1394
1853	1393
1854	1392
1855	1391
1856	1390
1858	1389
1860	1388
1862	1386
1864	1386
1865	1385
1866	1384
1867	1383
1868	1382
1870	1382
1872	1382
1873	1381
1874	1380
1876	1380
1878	1379
1879	1378
1881	1378
1883	1378
1885	1377
1886	1376
1888	1376
1889	1375
1891	1375
1893	1374
1894	1372
1896	1371
1898	1370
1900	1370
1902	1370
1903	1369
1905	1369
1907	1369
1908	1368
1910	1368
1912	1368
1913	1366
1915	1364
1917	1363
1918	1362
1920	1361
1922	1360
1923	1359
1925	1359
1927	1359
1929	1358
1931	1358
1932	1357
1934	1356
1936	1356
1937	1355
1939	1355
1941	1354
1943	1353
1944	1352
1946	1352
1947	1351
1949	1351
1950	1350
1952	1349
1954	1348
1956	1348
1957	1347
1958	1346
1960	1345
1961	1344
1963	1344
1965	1343
1967	1342
1969	1341
1971	1340
1973	1340
1975	1339
1976	1338
1978	1338
1979	1337
1981	1336
1983	1336
1985	1336
1986	1335
1988	1334
1990	1334
1992	1333
1994	1332
1996	1331
1998	1331
2000	1329
2001	1328
2004	1328
2005	1327
2008	1326
2010	1325
2013	1325
2014	1324
2017	1324
2018	1323
2021	1322
2024	1322
2025	1320
2027	1319
2030	1318
2032	1317
2035	1316
2036	1315
2037	1314
2040	1313
2042	1312
2043	1311
2046	1311
2048	1310
2050	1309
2053	1309
2054	1308
2057	1308
2060	1307
2063	1307
2065	1306
2068	1306
2069	1305
2072	1305
2074	1304
2075	1303
2078	1303
2079	1302
2082	1302
2085	1302
2087	1301
2089	1300
2091	1299
2094	1298
2095	1297
2096	1296
2097	1295
2099	1294
2102	1293
2103	1292
2104	1291
2107	1291
2108	1289
2110	1288
2113	1286
2116	1286
2118	1285
2121	1285
2123	1283
2126	1283
2128	1282
2129	1281
2130	1280
2132	1278
2135	1278
2136	1277
2137	1276
2140	1275
2142	1274
2144	1273
2147	1273
2149	1272
2150	1271
2153	1270
2156	1269
2159	1269
2160	1268
2163	1267
2166	1267
2167	1266
2170	1266
2173	1265
2176	1265
2177	1264
2180	1264
2183	1263
2186	1263
2188	1262
2190	1260
2193	1259
2196	1259
2197	1258
2200	1258
2201	1257
2203	1256
2204	1255
2207	1255
2209	1254
2212	1254
2214	1253
2216	1252
2219	1252
2221	1251
2224	1250
2227	1249
2230	1248
2233	1248
2236	1247
2239	1247
2240	1246
2243	1246
2245	1245
2248	1245
2249	1243
2251	1242
2254	1241
2256	1240
2258	1239
2261	1239
2262	1238
2265	1238
2266	1237
2267	1236
2269	1235
2272	1234
2275	1231
2278	1231
2280	1229
2283	1228
2284	1227
2287	1227
2289	1226
2292	1225
2295	1225
2296	1224
2297	1223
2298	1222
2301	1221
2302	1220
2304	1219
2307	1218
2310	1218
2313	1217
2315	1216
2318	1216
2319	1215
2322	1214
2323	1213
2326	1212
2329	1211
2332	1210
2333	1209
2336	1209
2337	1208
2339	1207
2340	1206
2343	1205
2346	1204
2348	1203
2351	1203
2354	1203
2356	1202
2359	1202
2360	1201
2363	1201
2366	1201
2367	1200
2370	1199
2373	1198
2375	1197
2378	1197
2380	1195
2383	1195
2384	1194
2387	1194
2390	1193
2393	1193
2394	1192
2395	1191
2398	1190
2401	1189
2404	1189
2406	1188
2409	1188
2410	1187
2412	1186
2415	1186
2416	1185
2419	1184
2420	1183
2422	1182
2425	1182
2427	1181
2430	1180
2431	1179
2432	1178
2435	1177
2436	1176
2439	1175
2442	1175
2443	1174
2445	1173
2447	1172
2450	1172
2453	1171
2456	1171
2457	1170
2460	1170
2461	1169
2463	1168
2466	1167
2468	1166
2469	1165
2470	1164
2473	1164
2475	1163
2477	1162
2480	1161
2482	1160
2485	1160
2486	1159
2489	1159
2490	1158
2493	1158
2494	1157
2497	1157
2498	1156
2501	1155
2504	1155
2507	1154
2509	1153
2511	1152
2514	1152
2516	1151
2518	1150
2520	1149
2523	1149
2524	1148
2527	1148
2528	1147
2531	1147
2532	1146
2535	1145
2538	1145
2541	1144
2542	1143
2545	1142
2547	1141
2550	1141
2553	1140
2556	1139
2559	1139
2562	1139
2563	1138
2566	1137
2569	1136
2572	1136
2575	1135
2577	1134
2580	1133
2583	1133
2586	1132
2588	1131
2591	1131
2592	1130
2595	1130
2596	1129
2599	1129
2602	1128
2604	1127
2607	1127
2609	1126
2612	1126
2614	1125
2615	1124
2618	1124
2620	1123
2622	1122
2625	1121
2627	1120
2630	1119
2633	1119
2634	1118
2637	1118
2640	1117
2643	1117
2644	1116
2647	1116
2648	1115
2651	1115
2652	1114
2654	1113
2657	1113
2660	1112
2663	1112
2666	1111
2669	1110
2672	1110
2673	1109
2675	1108
2677	1107
2679	1106
2681	1105
2684	1104
2687	1103
2690	1103
2691	1102
2694	1102
2697	1101
2700	1100
2703	1100
2704	1099
2707	1099
2710	1098
2713	1098
2715	1097
2718	1096
2721	1096
2722	1095
2725	1094
2726	1093
2729	1093
2732	1092
2735	1091
2736	1090
2739	1089
2741	1088
2744	1088
2745	1087
2747	1086
2750	1085
2753	1085
2755	1083
2758	1083
2761	1083
2762	1082
2763	1081
2765	1080
2768	1080
2771	1079
2774	1079
2775	1078
2778	1078
2780	1077
2782	1076
2784	1075
2787	1075
2790	1075
2791	1074
2794	1073
2797	1072
2800	1072
2802	1071
2803	1070
2804	1069
2807	1069
2809	1068
2812	1068
2814	1067
2817	1067
2820	1067
2822	1066
2825	1066
2826	1065
2829	1065
2830	1064
2833	1063
2836	1063
2838	1062
2840	1061
2842	1060
2845	1059
2848	1058
2851	1058
2854	1057
2855	1056
2858	1056
2861	1056
2863	1055
2866	1055
2867	1054
2869	1053
2871	1052
2874	1051
2877	1051
2878	1050
2881	1050
2882	1049
2885	1049
2887	1048
2889	1047
2892	1047
2894	1046
2897	1046
2899	1045
2902	1045
2905	1045
2906	1044
2909	1044
2910	1043
2913	1043
2916	1042
2919	1042
2920	1041
2923	1040
2925	1039
2928	1039
2929	1038
2932	1038
2935	1037
2938	1037
2940	1036
2943	1036
2944	1035
2947	1035
2950	1035
2951	1034
2954	1033
2956	1032
2959	1031
2962	1031
2964	1030
2967	1030
2968	1029
2971	1028
2974	1028
2977	1028
2978	1027
2981	1027
2982	1026
2985	1025
2988	1025
2990	1024
2993	1024
2996	1024
2997	1023
3000	1023
3003	1022
3007	1021
3011	1021
3015	1021
3016	1020
3020	1020
3023	1019
3027	1019
3030	1018
3034	1018
3035	1017
3036	1016
3037	1015
3040	1014
3042	1013
3043	1012
3047	1012
3048	1011
3052	1011
3053	1009
3057	1009
3059	1008
3063	1008
3066	1007
3070	1007
3074	1006
3078	1006
3081	1005
3085	1005
3087	1004
3091	1004
3094	1003
3096	1002
3098	1001
3101	1000
3105	1000
3106	999
3109	998
3113	998
3114	997
3117	996
3121	996
3123	995
3127	995
3131	994
3135	993
3139	993
3142	992
3144	991
3148	991
3149	990
3151	989
3153	988
3157	988
3159	987
3163	986
3166	985
3167	984
3171	984
3172	983
3176	983
3177	982
3180	981
3184	981
3185	980
3189	980
3190	979
3194	979
3198	979
3200	978
3204	978
3207	977
3211	977
3212	976
3216	976
3217	975
3221	975
3222	974
3224	973
3228	973
3230	972
3234	972
3235	971
3238	970
3242	969
3246	969
3250	969
3251	968
3255	968
3257	967
3261	967
3264	966
3268	966
3272	966
3273	965
3277	965
3278	964
3282	964
3284	963
3288	963
3289	962
3293	962
3294	961
3298	961
3299	960
3300	959
3304	959
3308	958
3312	958
3313	957
3317	957
3318	956
3322	956
3323	955
3327	955
3331	954
3335	954
3339	954
3340	953
3342	952
3346	952
3350	952
3351	951
3355	951
3359	950
3363	950
3367	949
3371	949
3373	948
3377	948
3381	947
3385	947
3387	946
3391	946
3392	945
3396	945
3398	944
3402	943
3406	943
3408	942
3412	941
3416	941
3417	940
3420	939
3423	938
3427	938
3428	937
3432	937
3434	936
3438	936
3440	935
3444	935
3445	934
3448	933
3452	932
3456	932
3458	931
3462	931
3466	931
3467	930
3471	929
3475	929
3479	928
3482	927
3486	927
3488	926
3492	926
3496	926
3499	925
3503	925
3507	924
3510	923
3512	922
3516	922
3517	921
3521	921
3525	921
3528	920
3532	920
3535	919
3538	918
3542	917
3543	916
3547	916
3551	915
3555	914
3558	913
3562	912
3566	912
3567	911
3571	911
3572	910
3575	909
3578	908
3582	908
3586	907
3590	907
3592	906
3596	906
3599	905
3603	904
3607	904
3610	903
3614	903
3618	903
3619	902
3623	902
3627	902
3628	901
3632	901
3634	900
3638	900
3641	899
3645	899
3649	898
3653	898
3657	897
3661	897
3662	896
3664	895
3668	894
3672	894
3674	893
3677	892
3681	891
3685	890
3689	890
3691	889
3695	888
3699	888
3701	887
3705	887
3708	886
3711	885
3715	884
3719	884
3723	883
3727	883
3731	883
3732	882
3736	882
3738	881
3741	880
3745	880
3748	879
3752	879
3755	878
3759	878
3762	877
3766	877
3768	876
3771	875
3773	874
3777	874
3779	873
3783	873
3784	872
3786	871
3790	871
3792	870
3795	869
3799	869
3803	868
3807	868
3810	867
3814	867
3818	866
3822	866
3826	866
3830	866
3831	865
3835	865
3839	864
3843	863
3847	863
3850	862
3854	862
3855	861
3859	860
3863	860
3866	859
3870	859
3874	858
3877	857
3881	857
3882	856
3886	856
3890	856
3892	855
3896	855
3898	854
3902	854
3904	853
3908	853
3911	852
3915	852
3917	851
3921	851
3924	850
3928	850
3931	849
3935	848
3939	848
3942	847
3946	847
3950	846
3954	846
3956	845
3960	845
3964	845
3967	844
3971	844
3972	843
3976	843
3980	843
3984	842
3988	841
3992	841
3995	840
3999	840
4003	839
4008	838
4013	838
4017	837
4022	837
4024	836
4029	836
4030	835
4035	835
4040	834
4045	834
4049	833
4054	832
4058	831
4062	830
4067	830
4070	829
4075	829
4080	828
4085	828
4089	827
4094	827
4099	827
4100	826
4105	826
4110	826
4114	825
4119	825
4121	824
4126	824
4129	823
4134	822
4139	822
4143	821
4148	821
4153	821
4158	820
4163	820
4164	819
4168	818
4173	818
4176	817
4181	817
4186	816
4191	816
4196	815
4201	815
4206	814
4211	814
4216	814
4218	813
4223	813
4225	812
4230	812
4235	811
4240	811
4243	810
4248	810
4249	809
4254	809
4257	808
4262	808
4265	807
4270	807
4275	806
4279	805
4282	804
4287	804
4288	803
4293	803
4297	802
4300	801
4305	801
4310	800
4315	800
4318	799
4323	799
4328	798
4333	798
4336	797
4341	796
4346	796
4349	795
4354	795
4355	794
4360	794
4365	794
4368	793
4373	793
4378	793
4380	792
4385	792
4390	792
4394	791
4399	791
4402	790
4407	790
4410	789
4415	789
4419	788
4424	787
4429	787
4434	787
4435	786
4440	786
4443	785
4448	785
4452	784
4457	784
4462	784
4467	784
4468	783
4473	783
4474	782
4479	782
4483	781
4488	780
4493	780
4498	780
4500	779
4505	779
4508	778
4513	778
4517	777
4522	777
4523	776
4528	776
4533	776
4534	775
4539	774
4544	774
4546	773
4551	773
4556	772
4561	772
4566	772
4568	771
4573	771
4576	770
4581	770
4586	770
4589	769
4594	769
4599	769
4602	768
4607	768
4611	767
4616	767
4621	767
4622	766
4627	766
4632	765
4637	764
4642	764
4647	764
4651	763
4656	763
4660	762
4665	762
4669	761
4674	761
4676	760
4681	760
4685	759
4690	759
4695	759
4696	758
4701	758
4706	757
4711	757
4716	757
4721	756
4726	756
4731	756
4736	756
4738	755
4743	755
4746	754
4751	754
4755	753
4760	753
4763	752
4768	752
4773	752
4775	751
4780	751
4785	751
4790	751
4791	750
4796	750
4799	749
4804	749
4809	748
4814	748
4819	748
4821	747
4826	747
4828	746
4833	745
4838	745
4843	745
4845	744
4850	744
4853	743
4858	742
4863	742
4864	741
4869	741
4873	740
4878	740
4879	739
4884	739
4889	738
4894	738
4899	738
4904	738
4906	737
4911	737
4916	736
4921	736
4926	736
4928	735
4933	735
4938	734
4943	734
4946	733
4951	733
4956	732
4961	732
4964	731
4969	731
4974	731
4976	730
4981	730
4984	729
4988	728
4993	727
4998	727
5002	726
5006	725
5011	724
5017	724
5022	723
5028	723
5034	723
5038	722
5044	722
5048	721
5054	720
5060	719
5066	719
5071	718
5077	718
5082	717
5088	717
5094	717
5095	716
5101	716
5106	715
5112	714
5118	714
5119	713
5125	713
5131	713
5134	712
5140	712
5142	711
5147	710
5153	710
5158	709
5164	709
5170	709
5172	708
5178	708
5179	707
5185	707
5191	707
5193	706
5199	706
5204	705
5210	705
5215	704
5221	704
5226	703
5232	703
5238	703
5240	702
5246	702
5251	701
5257	701
5263	701
5265	700
5271	700
5275	699
5281	699
5286	698
5292	698
5297	697
5303	697
5309	697
5312	696
5318	696
5324	696
5325	695
5331	695
5337	695
5339	694
5345	694
5351	694
5352	693
5358	693
5364	693
5366	692
5372	692
5374	691
5380	691
5383	690
5389	689
5395	688
5401	688
5407	688
5410	687
5416	687
5422	687
5424	686
5430	686
5433	685
5439	685
5445	684
5451	684
5455	683
5461	683
5467	683
5468	682
5474	682
5477	681
5483	681
5487	680
5493	680
5497	679
5503	679
5508	678
5514	678
5520	678
5526	678
5530	677
5533	676
5539	676
5545	676
5546	675
5552	675
5557	674
5563	674
5569	673
5575	673
5581	673
5586	672
5592	672
5597	671
5603	671
5609	670
5615	670
5621	670
5627	670
5629	669
5635	669
5641	669
5645	668
5651	668
5656	667
5662	667
5665	666
5671	666
5676	665
5682	665
5688	665
5691	664
5697	664
5702	663
5708	663
5709	662
5715	662
5721	662
5727	662
5729	661
5735	661
5741	661
5747	661
5750	660
5756	660
5762	660
5766	659
5772	659
5776	658
5782	658
5788	658
5794	658
5795	657
5801	657
5807	657
5808	656
5814	656
5820	656
5826	655
5832	655
5835	654
5841	654
5845	653
5851	653
5857	653
5862	652
5868	652
5873	651
5879	651
5883	650
5889	650
5895	649
5901	649
5907	649
5913	649
5916	648
5922	648
5925	647
5931	647
5937	647
5942	646
5948	646
5954	646
5960	646
5966	645
5972	645
5978	645
5981	644
5987	644
5993	643
5999	643
6005	642
6012	642
6019	641
6026	641
6033	640
6040	640
6046	639
6053	639
6060	639
6061	638
6068	638
6075	637
6082	637
6089	636
6096	636
6101	635
6108	635
6115	634
6122	634
6127	633
6134	633
6140	632
6147	632
6149	631
6156	631
6162	630
6169	630
6171	629
6178	628
6185	628
6192	628
6193	627
6200	627
6207	627
6211	626
6218	626
6225	626
6229	625
6236	625
6243	625
6247	624
6254	624
6261	624
6262	623
6269	623
6276	622
6283	622
6290	622
6292	621
6299	621
6304	620
6311	620
6318	619
6325	619
6332	619
6336	618
6343	618
6350	618
6352	617
6359	617
6366	617
6367	616
6374	616
6381	616
6388	616
6389	615
6396	615
6402	614
6409	614
6416	613
6423	613
6430	613
6431	612
6438	612
6440	611
6447	610
6454	610
6461	610
6462	609
6469	609
6475	608
6482	608
6489	608
6495	607
6502	607
6506	606
6513	606
6520	605
6527	605
6534	605
6538	604
6545	604
6552	604
6558	603
6565	603
6572	603
6575	602
6582	602
6585	601
6592	601
6599	600
6606	600
6613	600
6616	599
6623	599
6628	598
6635	598
6642	597
6649	597
6654	596
6661	596
6668	596
6674	595
6681	595
6688	595
6690	594
6697	594
6702	593
6709	593
6716	593
6719	592
6726	592
6733	591
6740	591
6747	590
6754	590
6761	590
6764	589
6771	589
6778	589
6779	588
6786	588
6789	587
6796	587
6803	587
6809	586
6816	586
6823	586
6825	585
6832	585
6839	585
6841	584
6848	584
6855	583
6862	583
6869	583
6871	582
6878	582
6884	581
6891	581
6898	580
6905	580
6912	580
6913	579
6920	579
6927	579
6932	578
6939	578
6946	578
6947	577
6954	577
6961	577
6963	576
6970	576
6977	576
6978	575
6985	575
6992	575
6995	574
7002	574
7010	574
7018	573
7026	573
7030	572
7038	572
7046	572
7047	571
7055	571
7062	570
7070	570
7074	569
7082	569
7087	568
7095	568
7103	568
7105	567
7113	567
7121	567
7124	566
7132	566
7140	566
7148	565
7156	565
7159	564
7167	564
7175	564
7180	563
7188	563
7193	562
7201	562
7207	561
7215	561
7222	560
7230	560
7237	559
7245	559
7249	558
7257	558
7265	558
7267	557
7275	557
7283	557
7286	556
7294	556
7302	556
7307	555
7315	555
7319	554
7327	554
7335	554
7342	553
7350	553
7358	553
7366	553
7368	552
7376	552
7384	552
7386	551
7394	551
7401	550
7409	550
7417	550
7421	549
7429	549
7437	548
7445	548
7453	548
7454	547
7462	547
7470	547
7472	546
7480	546
7488	546
7490	545
7498	545
7506	544
7514	544
7522	544
7524	543
7532	543
7537	542
7545	542
7553	541
7561	541
7568	540
7576	540
7584	540
7587	539
7595	539
7599	538
7607	538
7615	538
7623	538
7625	537
7633	537
7641	537
7649	537
7651	536
7659	536
7667	536
7668	535
7676	535
7684	535
7686	534
7694	534
7702	533
7710	533
7718	533
7725	532
7733	532
7741	532
7747	531
7755	531
7762	530
7770	530
7776	529
7784	529
7790	528
7798	528
7804	527
7812	527
7820	527
7828	527
7829	526
7837	526
7845	526
7851	525
7859	525
7867	525
7869	524
7877	524
7885	524
7893	524
7894	523
7902	523
7910	523
7912	522
7920	522
7928	522
7933	521
7941	521
7949	521
7954	520
7962	520
7970	520
7971	519
7979	519
7985	518
7993	518
8001	518
8003	517
8012	517
8020	516
8029	516
8038	516
8042	515
8051	515
8060	515
8069	515
8070	514
8079	514
8088	514
8092	513
8101	513
8110	513
8113	512
8122	512
8131	512
8138	511
8147	511
8153	510
8162	510
8171	510
8179	509
8188	509
8197	509
8200	508
8209	508
8216	507
8225	507
8234	506
8243	506
8252	506
8261	506
8262	505
8271	505
8280	505
8282	504
8291	504
8300	504
8303	503
8312	503
8321	503
8327	502
8336	502
8339	501
8348	501
8357	501
8360	500
8369	500
8378	500
8382	499
8391	499
8400	499
8405	498
8414	498
8423	498
8430	497
8439	497
8446	496
8455	496
8464	496
8472	495
8481	495
8490	495
8494	494
8503	494
8512	494
8521	494
8529	493
8538	493
8547	493
8552	492
8561	492
8568	491
8577	491
8586	491
8595	491
8596	490
8605	490
8614	490
8619	489
8628	489
8637	489
8638	488
8647	488
8656	488
8663	487
8672	487
8681	487
8690	487
8692	486
8701	486
8706	485
8715	485
8719	484
8728	484
8732	483
8741	483
8750	483
8755	482
8764	482
8773	482
8780	481
8789	481
8798	481
8806	480
8815	480
8824	480
8826	479
8835	479
8844	479
8853	479
8860	478
8869	478
8878	478
8881	477
8890	477
8899	477
8908	477
8909	476
8918	476
8927	476
8935	475
8944	475
8953	475
8962	475
8966	474
8975	474
8984	474
8985	473
8994	473
9003	473
9013	473
9016	472
9026	472
9036	472
9046	471
9056	471
9066	471
9073	470
9083	470
9090	469
9100	469
9110	469
9113	468
9123	468
9133	467
9143	467
9153	467
9155	466
9165	466
9175	466
9178	465
9188	465
9198	465
9199	464
9209	464
9215	463
9225	463
9235	463
9237	462
9247	462
9257	462
9264	461
9274	461
9284	461
9285	460
9295	460
9305	460
9309	459
9319	459
9329	459
9332	458
9342	458
9352	458
9359	457
9369	457
9379	457
9388	456
9398	456
9408	456
9418	456
9427	455
9437	455
9447	455
9457	455
9458	454
9468	454
9478	454
9488	454
9491	453
9501	453
9507	452
9517	452
9527	452
9537	451
9547	451
9557	451
9562	450
9572	450
9582	450
9592	450
9593	449
9603	449
9613	449
9620	448
9630	448
9640	448
9644	447
9654	447
9664	447
9669	446
9679	446
9689	446
9699	446
9701	445
9711	445
9721	445
9731	444
9741	444
9751	444
9759	443
9769	443
9779	443
9789	442
9799	442
9809	442
9814	441
9824	441
9834	440
9844	440
9854	440
9864	440
9865	439
9875	439
9885	439
9892	438
9902	438
9912	438
9922	438
9926	437
9936	437
9946	437
9952	436
9962	436
9972	436
9980	435
9990	435
10000	435
10011	435
10014	434
10025	434
10036	434
10047	434
10048	433
10059	433
10070	433
10076	432
10087	432
10098	432
10107	431
10118	431
10129	431
10132	430
10143	430
10154	430
10162	429
10173	429
10184	429
10195	429
10206	429
10214	428
10225	428
10236	428
10247	428
10256	427
10267	427
10278	426
10289	426
10300	426
10305	425
10316	425
10327	425
10334	424
10345	424
10356	424
10365	423
10376	423
10387	423
10398	422
10409	422
10420	422
10431	422
10442	422
10444	421
10455	421
10466	421
10473	420
10484	420
10495	420
10501	419
10512	419
10523	419
10532	418
10543	418
10554	418
10562	417
10573	417
10584	416
10595	416
10606	416
10613	415
10624	415
10635	415
10645	414
10656	414
10667	414
10678	414
10683	413
10694	413
10703	412
10714	412
10725	412
10736	412
10746	411
10757	411
10768	411
10772	410
10783	410
10793	409
10804	409
10815	409
10817	408
10828	408
10839	408
10848	407
10859	407
10870	407
10876	406
10887	406
10898	406
10909	406
10914	405
10925	405
10936	405
10947	405
10958	404
10969	404
10980	404
10990	403
11001	403
11013	403
11019	402
11031	402
11043	402
11054	401
11066	401
11078	401
11088	400
11100	400
11112	400
11119	399
11131	399
11143	399
11155	399
11159	398
11171	398
11183	398
11195	398
11196	397
11208	397
11220	397
11232	397
11238	396
11250	396
11262	396
11273	395
11285	395
11297	395
11301	394
11313	394
11325	394
11337	393
11349	393
11361	393
11372	392
11384	392
11396	392
11408	392
11413	391
11425	391
11437	391
11449	391
11452	390
11464	390
11476	390
11479	389
11491	389
11503	389
11515	389
11519	388
11531	388
11543	388
11555	388
11561	387
11573	387
11585	387
11595	386
11607	386
11619	386
11631	386
11633	385
11645	385
11657	385
11666	384
11678	384
11690	384
11700	383
11712	383
11724	383
11736	383
11739	382
11751	382
11763	382
11770	381
11782	381
11794	381
11806	381
11807	380
11819	380
11831	380
11839	379
11851	379
11863	379
11875	379
11876	378
11888	378
11900	378
11912	378
11922	377
11934	377
11946	377
11958	377
11964	376
11976	376
11988	376
12000	376
12009	375
12022	375
12035	375
12048	374
12061	374
12074	374
12087	373
12100	373
12113	373
12118	372
12131	372
12144	372
12156	371
12169	371
12182	371
12195	371
12200	370
12213	370
12226	370
12238	369
12251	369
12264	369
12273	368
12286	368
12299	368
12312	368
12313	367
12326	367
12339	367
12352	367
12361	366
12374	366
12387	366
12399	365
12412	365
12421	364
12434	364
12447	364
12460	364
12466	363
12479	363
12492	363
12501	362
12514	362
12527	362
12540	362
12546	361
12559	361
12572	361
12583	360
12596	360
12609	360
12622	360
12623	359
12636	359
12649	359
12662	358
12675	358
12688	358
12701	358
12707	357
12720	357
12733	357
12737	356
12750	356
12763	356
12776	356
12788	355
12801	355
12814	355
12820	354
12833	354
12846	354
12859	354
12865	353
12878	353
12891	353
12904	353
12910	352
12923	352
12936	352
12949	352
12959	351
12972	351
12985	351
12998	351
13007	350
13021	350
13035	350
13049	350
13057	349
13071	349
13085	349
13088	348
13102	348
13116	348
13118	347
13132	347
13146	347
13158	346
13172	346
13186	346
13200	346
13214	346
13216	345
13230	345
13244	345
13258	345
13267	344
13281	344
13295	344
13309	344
13312	343
13326	343
13340	343
13352	342
13366	342
13380	342
13393	341
13407	341
13421	341
13435	341
13449	341
13450	340
13464	340
13478	340
13492	340
13493	339
13507	339
13521	339
13535	339
13541	338
13555	338
13569	338
13583	338
13597	337
13611	337
13625	337
13636	336
13650	336
13664	336
13678	336
13684	335
13698	335
13712	335
13723	334
13737	334
13751	334
13765	334
13768	333
13782	333
13796	333
13810	333
13822	332
13836	332
13850	332
13864	332
13867	331
13881	331
13895	331
13909	331
13920	330
13934	330
13948	330
13962	330
13974	329
13988	329
14002	329
14017	329
14025	328
14040	328
14055	328
14070	328
14082	327
14097	327
14112	327
14127	327
14130	326
14145	326
14160	326
14173	325
14188	325
14203	325
14215	324
14230	324
14245	324
14260	324
14261	323
14276	323
14291	323
14306	323
14312	322
14327	322
14342	322
14357	322
14358	321
14373	321
14388	321
14403	321
14412	320
14427	320
14442	320
14455	319
14470	319
14485	319
14500	319
14506	318
14521	318
14536	318
14551	318
14561	317
14576	317
14591	317
14606	317
14620	316
14635	316
14650	316
14665	316
14680	316
14683	315
14698	315
14713	315
14722	314
14737	314
14752	314
14767	314
14779	313
14794	313
14809	313
14824	313
14828	312
14843	312
14858	312
14873	312
14876	311
14891	311
14906	311
14921	311
14929	310
14944	310
14959	310
14974	310
14979	309
14994	309
15010	309
15026	308
15042	308
15058	308
15074	308
15075	307
15091	307
15107	307
15119	306
15135	306
15151	306
15167	306
15173	305
15189	305
15205	305
15221	305
15235	304
15251	304
15267	304
15283	304
15287	303
15303	303
15319	303
15334	302
15350	302
15366	302
15382	302
15390	301
15406	301
15422	301
15438	301
15454	301
15456	300
15472	300
15488	300
15504	300
15515	299
15531	299
15547	299
15563	299
15569	298
15585	298
15601	298
15608	297
15624	297
15640	297
15656	297
15672	296
15688	296
15704	296
15720	296
15723	295
15739	295
15755	295
15771	295
15773	294
15789	294
15805	294
15821	294
15830	293
15846	293
15862	293
15878	293
15894	293
15905	292
15921	292
15937	292
15953	292
15969	292
15983	291
15999	291
16016	291
16033	291
16039	290
16056	290
16073	290
16090	290
16107	290
16110	289
16127	289
16144	289
16161	289
16178	289
16193	288
16210	288
16227	288
16244	288
16260	287
16277	287
16294	287
16311	287
16317	286
16334	286
16351	286
16368	286
16385	286
16388	285
16405	285
16422	285
16439	285
16455	284
16472	284
16489	284
16506	284
16518	283
16535	283
16552	283
16569	283
16584	282
16601	282
16618	282
16635	282
16638	281
16655	281
16672	281
16689	281
16704	280
16721	280
16738	280
16755	280
16766	279
16783	279
16800	279
16817	279
16826	278
16843	278
16860	278
16877	278
16889	277
16906	277
16923	277
16940	277
16951	276
16968	276
16985	276
17002	276
17018	275
17036	275
17054	275
17072	275
17088	274
17106	274
17124	274
17142	274
17154	273
17172	273
17190	273
17208	273
17219	272
17237	272
17255	272
17273	272
17274	271
17292	271
17310	271
17328	271
17346	271
17347	270
17365	270
17383	270
17401	270
17419	269
17437	269
17455	269
17473	269
17491	269
17496	268
17514	268
17532	268
17550	268
17564	267
17582	267
17600	267
17618	267
17636	267
17637	266
17655	266
17673	266
17691	266
17709	265
17727	265
17745	265
17763	265
17775	264
17793	264
17811	264
17829	264
17847	264
17848	263
17866	263
17884	263
17902	263
17916	262
17934	262
17952	262
17970	262
17988	262
18001	261
18020	261
18039	261
18058	261
18077	261
18078	260
18097	260
18116	260
18135	260
18136	259
18155	259
18174	259
18193	259
18212	259
18213	258
18232	258
18251	258
18270	258
18286	257
18305	257
18324	257
18343	257
18362	257
18365	256
18384	256
18403	256
18422	256
18441	255
18460	255
18479	255
18498	255
18517	255
18523	254
18542	254
18561	254
18580	254
18599	254
18602	253
18621	253
18640	253
18659	253
18666	252
18685	252
18704	252
18723	252
18742	252
18747	251
18766	251
18785	251
18804	251
18823	251
18833	250
18852	250
18871	250
18890	250
18898	249
18917	249
18936	249
18955	249
18966	248
18985	248
19004	248
19024	248
19039	247
19059	247
19079	247
19099	247
19119	247
19125	246
19145	246
19165	246
19185	246
19205	245
19225	245
19245	245
19265	245
19284	244
19304	244
19324	244
19344	244
19356	243
19376	243
19396	243
19416	243
19436	243
19441	242
19461	242
19481	242
19501	242
19521	242
19536	241
19556	241
19576	241
19596	241
19616	241
19620	240
19640	240
19660	240
19680	240
19700	240
19716	239
19736	239
19756	239
19776	239
19796	239
19816	238
19836	238
19856	238
19876	238
19896	238
19914	237
19934	237
19954	237
19974	237
19994	237
20015	236
20036	236
20057	236
20078	236
20099	236
20109	235
20130	235
20151	235
20172	235
20193	235
20202	234
20223	234
20244	234
20265	234
20286	234
20290	233
20311	233
20332	233
20353	233
20374	233
20380	232
20401	232
20422	232
20443	232
20464	232
20466	231
20487	231
20508	231
20529	231
20550	231
20565	230
20586	230
20607	230
20628	230
20649	230
20670	230
20673	229
20694	229
20715	229
20736	229
20757	229
20778	229
20780	228
20801	228
20822	228
20843	228
20864	228
20879	227
20900	227
20921	227
20942	227
20963	227
20981	226
21002	226
21024	226
21046	226
21068	226
21070	225
21092	225
21114	225
21136	225
21158	224
21180	224
21202	224
21224	224
21244	223
21266	223
21288	223
21310	223
21332	223
21351	222
21373	222
21395	222
21417	222
21438	221
21460	221
21482	221
21504	221
21521	220
21543	220
21565	220
21587	220
21608	219
21630	219
21652	219
21674	219
21696	219
21713	218
21735	218
21757	218
21779	218
21801	218
21805	217
21827	217
21849	217
21871	217
21893	217
21915	217
21917	216
21939	216
21961	216
21983	216
22005	216
22026	215
22049	215
22072	215
22095	215
22118	215
22122	214
22145	214
22168	214
22191	214
22214	214
22223	213
22246	213
22269	213
22292	213
22315	213
22338	212
22361	212
22384	212
22407	212
22430	212
22448	211
22471	211
22494	211
22517	211
22540	211
22563	211
22570	210
22593	210
22616	210
22639	210
22662	210
22685	210
22696	209
22719	209
22742	209
22765	209
22788	209
22811	209
22813	208
22836	208
22859	208
22882	208
22905	208
22928	207
22951	207
22974	207
22997	207
23021	207
23043	206
23067	206
23091	206
23115	206
23139	206
23163	205
23187	205
23211	205
23235	205
23259	205
23283	205
23307	204
23331	204
23355	204
23379	204
23403	204
23427	204
23428	203
23452	203
23476	203
23500	203
23524	203
23537	202
23561	202
23585	202
23609	202
23633	202
23657	201
23681	201
23705	201
23729	201
23753	201
23763	200
23787	200
23811	200
23835	200
23859	200
23883	200
23887	199
23911	199
23935	199
23959	199
23983	199
23996	198
24021	198
24046	198
24071	198
24096	198
24121	197
24146	197
24171	197
24196	197
24221	197
24246	197
24265	196
24290	196
24315	196
24340	196
24365	196
24390	196
24391	195
24416	195
24441	195
24466	195
24491	195
24510	194
24535	194
24560	194
24585	194
24610	194
24630	193
24655	193
24680	193
24705	193
24730	193
24755	193
24761	192
24786	192
24811	192
24836	192
24861	192
24886	192
24896	191
24921	191
24946	191
24971	191
24996	191
25022	190
25048	190
25074	190
25100	190
25126	190
25152	190
25160	189
25186	189
25212	189
25238	189
25264	189
25290	189
25294	188
25320	188
25346	188
25372	188
25398	188
25403	187
25429	187
25455	187
25481	187
25507	187
25530	186
25556	186
25582	186
25608	186
25634	186
25660	186
25668	185
25694	185
25720	185
25746	185
25772	185
25798	185
25808	184
25834	184
25860	184
25886	184
25912	184
25938	184
25948	183
25974	183
26000	183
26027	183
26054	183
26081	183
26088	182
26115	182
26142	182
26169	182
26196	182
26223	182
26230	181
26257	181
26284	181
26311	181
26338	181
26365	181
26376	180
26403	180
26430	180
26457	180
26484	180
26509	179
26536	179
26563	179
26590	179
26617	179
26641	178
26668	178
26695	178
26722	178
26749	178
26772	177
26799	177
26826	177
26853	177
26880	177
26907	177
26920	176
26947	176
26974	176
27001	176
27029	176
27057	176
27072	175
27100	175
27128	175
27156	175
27184	175
27212	175
27232	174
27260	174
27288	174
27316	174
27344	174
27372	174
27386	173
27414	173
27442	173
27470	173
27498	173
27526	173
27544	172
27572	172
27600	172
27628	172
27656	172
27684	172
27702	171
27730	171
27758	171
27786	171
27814	171
27842	171
27858	170
27886	170
27914	170
27942	170
27970	170
27998	170
28025	169
28054	169
28083	169
28112	169
28141	169
28170	169
28199	169
28205	168
28234	168
28263	168
28292	168
28321	168
28350	168
28362	167
28391	167
28420	167
28449	167
28478	167
28507	167
28533	166
28562	166
28591	166
28620	166
28649	166
28678	166
28684	165
28713	165
28742	165
28771	165
28800	165
28829	165
28840	164
28869	164
28898	164
28927	164
28956	164
28985	164
29000	163
29030	163
29060	163
29090	163
29120	163
29150	163
29176	162
29206	162
29236	162
29266	162
29296	162
29326	162
29356	161
29386	161
29416	161
29446	161
29476	161
29506	161
29536	161
29552	160
29582	160
29612	160
29642	160
29672	160
29702	160
29728	159
29758	159
29788	159
29818	159
29848	159
29878	159
29908	159
29915	158
29945	158
29975	158
30005	158
30036	158
30067	158
30080	157
30111	157
30142	157
30173	157
30204	157
30235	157
30264	156
30295	156
30326	156
30357	156
30388	156
30419	156
30450	156
30465	155
30496	155
30527	155
30558	155
30589	155
30620	155
30651	155
30660	154
30691	154
30722	154
30753	154
30784	154
30815	154
30846	154
30847	153
30878	153
30909	153
30940	153
30971	153
31002	153
31034	153
31035	152
31067	152
31099	152
31131	152
31163	152
31195	152
31210	151
31242	151
31274	151
31306	151
31338	151
31370	151
31391	150
31423	150
31455	150
31487	150
31519	150
31551	150
31562	149
31594	149
31626	149
31658	149
31690	149
31722	149
31754	149
31778	148
31810	148
31842	148
31874	148
31906	148
31938	148
31956	147
31988	147
32021	147
32054	147
32087	147
32120	147
32153	147
32173	146
32206	146
32239	146
32272	146
32305	146
32338	146
32371	146
32389	145
32422	145
32455	145
32488	145
32521	145
32554	145
32580	144
32613	144
32646	144
32679	144
32712	144
32745	144
32778	144
32785	143
32818	143
32851	143
32884	143
32917	143
32950	143
32983	143
32989	142
33023	142
33057	142
33091	142
33125	142
33159	142
33193	142
33202	141
33236	141
33270	141
33304	141
33338	141
33372	141
33406	141
33440	141
33448	140
33482	140
33516	140
33550	140
33584	140
33618	140
33652	140
33668	139
33702	139
33736	139
33770	139
33804	139
33838	139
33872	139
33894	138
33928	138
33962	138
33996	138
34031	138
34066	138
34095	137
34130	137
34165	137
34200	137
34235	137
34270	137
34305	137
34316	136
34351	136
34386	136
34421	136
34456	136
34491	136
34520	135
34555	135
34590	135
34625	135
34660	135
34695	135
34730	135
34743	134
34778	134
34813	134
34848	134
34883	134
34918	134
34953	134
34983	133
35019	133
35055	133
35091	133
35127	133
35163	133
35199	133
35226	132
35262	132
35298	132
35334	132
35370	132
35406	132
35442	132
35478	132
35482	131
35518	131
35554	131
35590	131
35626	131
35662	131
35698	131
35722	130
35758	130
35794	130
35830	130
35866	130
35902	130
35938	130
35965	129
36001	129
36038	129
36075	129
36112	129
36149	129
36186	129
36204	128
36241	128
36278	128
36315	128
36352	128
36389	128
36426	128
36463	128
36477	127
36514	127
36551	127
36588	127
36625	127
36662	127
36699	127
36715	126
36752	126
36789	126
36826	126
36863	126
36900	126
36937	126
36974	126
36981	125
37019	125
37057	125
37095	125
37133	125
37171	125
37209	125
37247	125
37249	124
37287	124
37325	124
37363	124
37401	124
37439	124
37477	124
37512	123
37550	123
37588	123
37626	123
37664	123
37702	123
37740	123
37778	123
37793	122
37831	122
37869	122
37907	122
37945	122
37983	122
38022	122
38061	122
38069	121
38108	121
38147	121
38186	121
38225	121
38264	121
38303	121
38342	121
38347	120
38386	120
38425	120
38464	120
38503	120
38542	120
38581	120
38620	120
38621	119
38660	119
38699	119
38738	119
38777	119
38816	119
38855	119
38889	118
38928	118
38967	118
39006	118
39046	118
39086	118
39126	118
39166	118
39192	117
39232	117
39272	117
39312	117
39352	117
39392	117
39432	117
39472	117
39492	116
39532	116
39572	116
39612	116
39652	116
39692	116
39732	116
39772	116
39791	115
39831	115
39871	115
39911	115
39951	115
39991	115
40032	115
40073	115
40099	114
40140	114
40181	114
40222	114
40263	114
40304	114
40345	114
40386	114
40400	113
40441	113
40482	113
40523	113
40564	113
40605	113
40646	113
40687	113
40718	112
40759	112
40800	112
40841	112
40882	112
40923	112
40964	112
41005	112
41026	111
41068	111
41110	111
41152	111
41194	111
41236	111
41278	111
41320	111
41343	110
41385	110
41427	110
41469	110
41511	110
41553	110
41595	110
41637	110
41662	109
41704	109
41746	109
41788	109
41830	109
41872	109
41914	109
41956	109
41982	108
42025	108
42068	108
42111	108
42154	108
42197	108
42240	108
42283	108
42313	107
42356	107
42399	107
42442	107
42485	107
42528	107
42571	107
42614	107
42626	106
42669	106
42712	106
42755	106
42798	106
42841	106
42884	106
42927	106
42970	106
42971	105
43014	105
43058	105
43102	105
43146	105
43190	105
43234	105
43278	105
43322	105
43349	104
43393	104
43437	104
43481	104
43525	104
43569	104
43613	104
43657	104
43665	103
43709	103
43753	103
43797	103
43841	103
43885	103
43929	103
43973	103
44017	103
44019	102
44064	102
44109	102
44154	102
44199	102
44244	102
44289	102
44334	102
44355	101
44400	101
44445	101
44490	101
44535	101
44580	101
44625	101
44670	101
44715	101
44756	100
44801	100
44846	100
44891	100
44936	100
44981	100
45027	100
45073	100
45119	100
45145	99
45191	99
45237	99
45283	99
45329	99
45375	99
45421	99
45467	99
45513	99
45536	98
45582	98
45628	98
45674	98
45720	98
45766	98
45812	98
45858	98
45904	98
45920	97
45966	97
46012	97
46059	97
46106	97
46153	97
46200	97
46247	97
46294	97
46339	96
46386	96
46433	96
46480	96
46527	96
46574	96
46621	96
46668	96
46715	96
46747	95
46794	95
46841	95
46888	95
46935	95
46982	95
47030	95
47078	95
47126	95
47149	94
47197	94
47245	94
47293	94
47341	94
47389	94
47437	94
47485	94
47533	94
47569	93
47617	93
47665	93
47713	93
47761	93
47809	93
47857	93
47905	93
47953	93
48001	93
48014	92
48063	92
48112	92
48161	92
48210	92
48259	92
48308	92
48357	92
48406	92
48441	91
48490	91
48539	91
48588	91
48637	91
48686	91
48735	91
48784	91
48833	91
48869	90
48918	90
48967	90
49016	90
49066	90
49116	90
49166	90
49216	90
49247	89
49297	89
49347	89
49397	89
49447	89
49497	89
49547	89
49597	89
49647	89
49679	88
49729	88
49779	88
49829	88
49879	88
49929	88
49979	88
50030	88
50081	88
50132	88
50149	87
50200	87
50251	87
50302	87
50353	87
50404	87
50455	87
50506	87
50557	87
50570	86
50621	86
50672	86
50723	86
50774	86
50825	86
50876	86
50927	86
50978	86
51030	86
51082	86
51091	85
51143	85
51195	85
51247	85
51299	85
51351	85
51403	85
51455	85
51507	85
51559	85
51611	85
51620	84
51672	84
51724	84
51776	84
51828	84
51880	84
51932	84
51984	84
52037	84
52090	84
52101	83
52154	83
52207	83
52260	83
52313	83
52366	83
52419	83
52472	83
52525	83
52578	83
52586	82
52639	82
52692	82
52745	82
52798	82
52851	82
52904	82
52957	82
53010	82
53064	82
53113	81
53167	81
53221	81
53275	81
53329	81
53383	81
53437	81
53491	81
53545	81
53599	81
53618	80
53672	80
53726	80
53780	80
53834	80
53888	80
53942	80
53996	80
54051	80
54106	80
54153	79
54208	79
54263	79
54318	79
54373	79
54428	79
54483	79
54538	79
54593	79
54648	79
54703	79
54706	78
54761	78
54816	78
54871	78
54926	78
54981	78
55037	78
55093	78
55149	78
55205	78
55261	78
55281	77
55337	77
55393	77
55449	77
55505	77
55561	77
55617	77
55673	77
55729	77
55785	77
55802	76
55858	76
55914	76
55970	76
56026	76
56083	76
56140	76
56197	76
56254	76
56311	76
56368	76
56379	75
56436	75
56493	75
56550	75
56607	75
56664	75
56721	75
56778	75
56835	75
56892	75
56921	74
56978	74
57036	74
57094	74
57152	74
57210	74
57268	74
57326	74
57384	74
57442	74
57500	74
57539	73
57597	73
57655	73
57713	73
57771	73
57829	73
57887	73
57945	73
58003	73
58062	73
58118	72
58177	72
58236	72
58295	72
58354	72
58413	72
58472	72
58531	72
58590	72
58649	72
58708	72
58752	71
58811	71
58870	71
58929	71
58988	71
59048	71
59108	71
59168	71
59228	71
59288	71
59348	71
59383	70
59443	70
59503	70
59563	70
59623	70
59683	70
59743	70
59803	70
59863	70
59923	70
59983	70
60028	69
60089	69
60150	69
60211	69
60272	69
60333	69
60394	69
60455	69
60516	69
60577	69
60638	69
60674	68
60735	68
60796	68
60857	68
60918	68
60979	68
61041	68
61103	68
61165	68
61227	68
61289	68
61350	67
61412	67
61474	67
61536	67
61598	67
61660	67
61722	67
61784	67
61846	67
61908	67
61970	67
62033	67
62075	66
62138	66
62201	66
62264	66
62327	66
62390	66
62453	66
62516	66
62579	66
62642	66
62705	66
62768	66
62792	65
62855	65
62918	65
62981	65
63045	65
63109	65
63173	65
63237	65
63301	65
63365	65
63429	65
63493	65
63502	64
63566	64
63630	64
63694	64
63758	64
63822	64
63886	64
63950	64
64014	64
64079	64
64144	64
64209	64
64261	63
64326	63
64391	63
64456	63
64521	63
64586	63
64651	63
64716	63
64781	63
64846	63
64911	63
64976	63
65036	62
65102	62
65168	62
65234	62
65300	62
65366	62
65432	62
65498	62
65564	62
65630	62
65696	62
65762	62
65795	61
65861	61
65927	61
65993	61
66060	61
66127	61
66194	61
66261	61
66328	61
66395	61
66462	61
66529	61
66564	60
66631	60
66698	60
66765	60
66832	60
66899	60
66966	60
67034	60
67102	60
67170	60
67238	60
67306	60
67374	60
67379	59
67447	59
67515	59
67583	59
67651	59
67719	59
67787	59
67855	59
67923	59
67991	59
68060	59
68129	59
68198	59
68227	58
68296	58
68365	58
68434	58
68503	58
68572	58
68641	58
68710	58
68779	58
68848	58
68917	58
68986	58
69056	58
69106	57
69176	57
69246	57
69316	57
69386	57
69456	57
69526	57
69596	57
69666	57
69736	57
69806	57
69876	57
69946	57
69972	56
70043	56
70114	56
70185	56
70256	56
70327	56
70398	56
70469	56
70540	56
70611	56
70682	56
70753	56
70824	56
70850	55
70921	55
70992	55
71064	55
71136	55
71208	55
71280	55
71352	55
71424	55
71496	55
71568	55
71640	55
71712	55
71761	54
71833	54
71905	54
71977	54
72050	54
72123	54
72196	54
72269	54
72342	54
72415	54
72488	54
72561	54
72634	54
72704	53
72777	53
72850	53
72923	53
72996	53
73070	53
73144	53
73218	53
73292	53
73366	53
73440	53
73514	53
73588	53
73662	53
73689	52
73763	52
73837	52
73911	52
73985	52
74060	52
74135	52
74210	52
74285	52
74360	52
74435	52
74510	52
74585	52
74654	51
74729	51
74804	51
74879	51
74954	51
75029	51
75105	51
75181	51
75257	51
75333	51
75409	51
75485	51
75561	51
75637	51
75712	50
75788	50
75864	50
75940	50
76016	50
76093	50
76170	50
76247	50
76324	50
76401	50
76478	50
76555	50
76632	50
76709	50
76731	49
76808	49
76885	49
76962	49
77040	49
77118	49
77196	49
77274	49
77352	49
77430	49
77508	49
77586	49
77664	49
77742	49
77768	48
77846	48
77924	48
78002	48
78081	48
78160	48
78239	48
78318	48
78397	48
78476	48
78555	48
78634	48
78713	48
78792	48
78871	48
78877	47
78956	47
79035	47
79115	47
79195	47
79275	47
79355	47
79435	47
79515	47
79595	47
79675	47
79755	47
79835	47
79915	47
79995	47
80001	46
80082	46
80163	46
80244	46
80325	46
80406	46
80487	46
80568	46
80649	46
80730	46
80811	46
80892	46
80973	46
81055	46
81137	46
81156	45
81238	45
81320	45
81402	45
81484	45
81566	45
81648	45
81730	45
81812	45
81894	45
81976	45
82059	45
82142	45
82225	45
82308	45
82333	44
82416	44
82499	44
82582	44
82665	44
82748	44
82831	44
82914	44
82997	44
83081	44
83165	44
83249	44
83333	44
83417	44
83501	44
83575	43
83659	43
83743	43
83827	43
83911	43
83995	43
84080	43
84165	43
84250	43
84335	43
84420	43
84505	43
84590	43
84675	43
84760	43
84845	43
84896	42
84981	42
85067	42
85153	42
85239	42
85325	42
85411	42
85497	42
85583	42
85669	42
85755	42
85841	42
85927	42
86013	42
86100	42
86187	42
86247	41
86334	41
86421	41
86508	41
86595	41
86682	41
86769	41
86856	41
86943	41
87030	41
87118	41
87206	41
87294	41
87382	41
87470	41
87558	41
87562	40
87650	40
87738	40
87826	40
87914	40
88002	40
88091	40
88180	40
88269	40
88358	40
88447	40
88536	40
88625	40
88714	40
88803	40
88892	40
88981	40
89033	39
89123	39
89213	39
89303	39
89393	39
89483	39
89573	39
89663	39
89753	39
89843	39
89933	39
90023	39
90114	39
90205	39
90296	39
90387	39
90478	39
90556	38
90647	38
90738	38
90829	38
90920	38
91011	38
91103	38
91195	38
91287	38
91379	38
91471	38
91563	38
91655	38
91747	38
91839	38
91931	38
92023	38
92088	37
92181	37
92274	37
92367	37
92460	37
92553	37
92646	37
92739	37
92832	37
92925	37
93018	37
93112	37
93206	37
93300	37
93394	37
93488	37
93582	37
93676	37
93717	36
93811	36
93905	36
93999	36
94094	36
94189	36
94284	36
94379	36
94474	36
94569	36
94664	36
94759	36
94854	36
94949	36
95044	36
95140	36
95236	36
95332	36
95347	35
95443	35
95539	35
95635	35
95731	35
95827	35
95923	35
96019	35
96116	35
96213	35
96310	35
96407	35
96504	35
96601	35
96698	35
96795	35
96892	35
96989	35
97087	35
97162	34
97260	34
97358	34
97456	34
97554	34
97652	34
97750	34
97848	34
97946	34
98044	34
98143	34
98242	34
98341	34
98440	34
98539	34
98638	34
98737	34
98836	34
98881	33
98980	33
99080	33
99180	33
99280	33
99380	33
99480	33
99580	33
99680	33
99780	33
99880	33
99980	33
100081	33
100182	33
100283	33
100384	33
100485	33
100586	33
100687	33
100743	32
100844	32
100945	32
101046	32
101148	32
101250	32
101352	32
101454	32
101556	32
101658	32
101760	32
101862	32
101964	32
102067	32
102170	32
102273	32
102376	32
102479	32
102582	32
102685	32
102710	31
102813	31
102916	31
103019	31
103123	31
103227	31
103331	31
103435	31
103539	31
103643	31
103747	31
103851	31
103955	31
104060	31
104165	31
104270	31
104375	31
104480	31
104585	31
104690	31
104795	31
104846	30
104951	30
105057	30
105163	30
105269	30
105375	30
105481	30
105587	30
105693	30
105799	30
105905	30
106011	30
106118	30
106225	30
106332	30
106439	30
106546	30
106653	30
106760	30
106867	30
106974	30
107014	29
107122	29
107230	29
107338	29
107446	29
107554	29
107662	29
107770	29
107878	29
107986	29
108095	29
108204	29
108313	29
108422	29
108531	29
108640	29
108749	29
108858	29
108967	29
109077	29
109165	28
109275	28
109385	28
109495	28
109605	28
109715	28
109825	28
109935	28
110045	28
110156	28
110267	28
110378	28
110489	28
110600	28
110711	28
110822	28
110933	28
111044	28
111156	28
111268	28
111380	28
111492	28
111517	27
111629	27
111741	27
111853	27
111965	27
112078	27
112191	27
112304	27
112417	27
112530	27
112643	27
112756	27
112869	27
112982	27
113096	27
113210	27
113324	27
113438	27
113552	27
113666	27
113780	27
113894	27
114008	27
114009	26
114124	26
114239	26
114354	26
114469	26
114584	26
114699	26
114814	26
114929	26
115044	26
115160	26
115276	26
115392	26
115508	26
115624	26
115740	26
115856	26
115972	26
116089	26
116206	26
116323	26
116440	26
116553	25
116670	25
116787	25
116904	25
117021	25
117139	25
117257	25
117375	25
117493	25
117611	25
117729	25
117847	25
117965	25
118084	25
118203	25
118322	25
118441	25
118560	25
118679	25
118798	25
118917	25
119036	25
119156	25
119276	25
119323	24
119443	24
119563	24
119683	24
119803	24
119923	24
120043	24
120164	24
120285	24
120406	24
120527	24
120648	24
120769	24
120890	24
121011	24
121133	24
121255	24
121377	24
121499	24
121621	24
121743	24
121865	24
121987	24
122110	24
122191	23
122314	23
122437	23
122560	23
122683	23
122806	23
122929	23
123052	23
123176	23
123300	23
123424	23
123548	23
123672	23
123796	23
123920	23
124044	23
124169	23
124294	23
124419	23
124544	23
124669	23
124794	23
124919	23
125044	23
125170	23
125248	22
125374	22
125500	22
125626	22
125752	22
125878	22
126004	22
126131	22
126258	22
126385	22
126512	22
126639	22
126766	22
126893	22
127020	22
127148	22
127276	22
127404	22
127532	22
127660	22
127788	22
127916	22
128044	22
128173	22
128302	22
128431	22
128510	21
128639	21
128768	21
128897	21
129026	21
129156	21
129286	21
129416	21
129546	21
129676	21
129806	21
129936	21
130067	21
130198	21
130329	21
130460	21
130591	21
130722	21
130853	21
130984	21
131116	21
131248	21
131380	21
131512	21
131644	21
131776	21
131818	20
131950	20
132083	20
132216	20
132349	20
132482	20
132615	20
132748	20
132881	20
133014	20
133148	20
133282	20
133416	20
133550	20
133684	20
133818	20
133952	20
134087	20
134222	20
134357	20
134492	20
134627	20
134762	20
134897	20
135032	20
135168	20
135304	20
135440	20
135518	19
135654	19
135790	19
135926	19
136062	19
136199	19
136336	19
136473	19
136610	19
136747	19
136884	19
137021	19
137159	19
137297	19
137435	19
137573	19
137711	19
137849	19
137987	19
138126	19
138265	19
138404	19
138543	19
138682	19
138821	19
138960	19
139100	19
139240	19
139380	19
139390	18
139530	18
139670	18
139810	18
139950	18
140091	18
140232	18
140373	18
140514	18
140655	18
140796	18
140937	18
141079	18
141221	18
141363	18
141505	18
141647	18
141789	18
141931	18
142074	18
142217	18
142360	18
142503	18
142646	18
142789	18
142932	18
143076	18
143220	18
143364	18
143508	18
143652	18
143658	17
143802	17
143946	17
144091	17
144236	17
144381	17
144526	17
144671	17
144816	17
144961	17
145107	17
145253	17
145399	17
145545	17
145691	17
145837	17
145983	17
146130	17
146277	17
146424	17
146571	17
146718	17
146865	17
147012	17
147160	17
147308	17
147456	17
147604	17
147752	17
147900	17
148048	17
148197	17
148220	16
148369	16
148518	16
148667	16
148816	16
148965	16
149115	16
149265	16
149415	16
149565	16
149715	16
149865	16
150015	16
150166	16
150317	16
150468	16
150619	16
150770	16
150921	16
151072	16
151224	16
151376	16
151528	16
151680	16
151832	16
151984	16
152137	16
152290	16
152443	16
152596	16
152749	16
152902	16
153055	16
153097	15
153251	15
153405	15
153559	15
153713	15
153867	15
154021	15
154176	15
154331	15
154486	15
154641	15
154796	15
154951	15
155107	15
155263	15
155419	15
155575	15
155731	15
155887	15
156043	15
156200	15
156357	15
156514	15
156671	15
156828	15
156985	15
157143	15
157301	15
157459	15
157617	15
157775	15
157933	15
158092	15
158251	15
158410	15
158442	14
158601	14
158760	14
158919	14
159078	14
159238	14
159398	14
159558	14
159718	14
159878	14
160038	14
160199	14
160360	14
160521	14
160682	14
160843	14
161004	14
161166	14
161328	14
161490	14
161652	14
161814	14
161976	14
162139	14
162302	14
162465	14
162628	14
162791	14
162954	14
163118	14
163282	14
163446	14
163610	14
163774	14
163938	14
164103	14
164234	13
164399	13
164564	13
164729	13
164894	13
165059	13
165225	13
165391	13
165557	13
165723	13
165889	13
166055	13
166222	13
166389	13
166556	13
166723	13
166890	13
167057	13
167225	13
167393	13
167561	13
167729	13
167897	13
168065	13
168234	13
168403	13
168572	13
168741	13
168910	13
169079	13
169249	13
169419	13
169589	13
169759	13
169929	13
170100	13
170271	13
170442	12
170613	12
170784	12
170955	12
171127	12
171299	12
171471	12
171643	12
171815	12
171987	12
172160	12
172333	12
172506	12
172679	12
172852	12
173025	12
173199	12
173373	12
173547	12
173721	12
173895	12
174069	12
174244	12
174419	12
174594	12
174769	12
174944	12
175120	12
175296	12
175472	12
175648	12
175824	12
176000	12
176177	12
176354	12
176531	12
176708	12
176885	12
177062	12
177240	12
177418	12
177426	11
177604	11
177782	11
177960	11
178139	11
178318	11
178497	11
178676	11
178855	11
179034	11
179214	11
179394	11
179574	11
179754	11
179934	11
180115	11
180296	11
180477	11
180658	11
180839	11
181020	11
181202	11
181384	11
181566	11
181748	11
181930	11
182113	11
182296	11
182479	11
182662	11
182845	11
183028	11
183212	11
183396	11
183580	11
183764	11
183948	11
184133	11
184318	11
184503	11
184688	11
184873	11
184985	10
185171	10
185357	10
185543	10
185729	10
185915	10
186102	10
186289	10
186476	10
186663	10
186850	10
187037	10
187225	10
187413	10
187601	10
187789	10
187977	10
188166	10
188355	10
188544	10
188733	10
188922	10
189112	10
189302	10
189492	10
189682	10
189872	10
190062	10
190253	10
190444	10
190635	10
190826	10
191017	10
191209	10
191401	10
191593	10
191785	10
191977	10
192170	10
192363	10
192556	10
192749	10
192942	10
193136	10
193330	10
193524	10
193556	9
193750	9
193944	9
194139	9
194334	9
194529	9
194724	9
194919	9
195115	9
195311	9
195507	9
195703	9
195899	9
196095	9
196292	9
196489	9
196686	9
196883	9
197080	9
197278	9
197476	9
197674	9
197872	9
198070	9
198269	9
198468	9
198667	9
198866	9
199065	9
199265	9
199465	9
199665	9
199865	9
200065	9
200266	9
200467	9
200668	9
200869	9
201070	9
201272	9
201474	9
201676	9
201878	9
202080	9
202283	9
202486	9
202689	9
202892	9
203008	8
203212	8
203416	8
203620	8
203824	8
204028	8
204233	8
204438	8
204643	8
204848	8
205053	8
205259	8
205465	8
205671	8
205877	8
206083	8
206290	8
206497	8
206704	8
206911	8
207119	8
207327	8
207535	8
207743	8
207951	8
208160	8
208369	8
208578	8
208787	8
208996	8
209206	8
209416	8
209626	8
209836	8
210046	8
210257	8
210468	8
210679	8
210890	8
211101	8
211313	8
211525	8
211737	8
211949	8
212162	8
212375	8
212588	8
212801	8
213014	8
213228	8
213442	8
213656	8
213870	8
213873	7
214087	7
214302	7
214517	7
214732	7
214947	7
215163	7
215379	7
215595	7
215811	7
216027	7
216244	7
216461	7
216678	7
216895	7
217113	7
217331	7
217549	7
217767	7
217985	7
218204	7
218423	7
218642	7
218861	7
219080	7
219300	7
219520	7
219740	7
219960	7
220181	7
220402	7
220623	7
220844	7
221065	7
221287	7
221509	7
221731	7
221953	7
222176	7
222399	7
222622	7
222845	7
223068	7
223292	7
223516	7
223740	7
223964	7
224189	7
224414	7
224639	7
224864	7
225089	7
225315	7
225541	7
225767	7
225993	7
226116	6
226343	6
226570	6
226797	6
227024	6
227252	6
227480	6
227708	6
227936	6
228165	6
228394	6
228623	6
228852	6
229081	6
229311	6
229541	6
229771	6
230001	6
230232	6
230463	6
230694	6
230925	6
231157	6
231389	6
231621	6
231853	6
232085	6
232318	6
232551	6
232784	6
233017	6
233251	6
233485	6
233719	6
233953	6
234188	6
234423	6
234658	6
234893	6
235129	6
235365	6
235601	6
235837	6
236073	6
236310	6
236547	6
236784	6
237021	6
237259	6
237497	6
237735	6
237973	6
238212	6
238451	6
238690	6
238929	6
239169	6
239409	6
239649	6
239889	6
240130	6
240371	6
240551	5
240792	5
241033	5
241275	5
241517	5
241759	5
242001	5
242244	5
242487	5
242730	5
242973	5
243217	5
243461	5
243705	5
243949	5
244194	5
244439	5
244684	5
244929	5
245175	5
245421	5
245667	5
245913	5
246160	5
246407	5
246654	5
246901	5
247149	5
247397	5
247645	5
247893	5
248142	5
248391	5
248640	5
248889	5
249139	5
249389	5
249639	5
249889	5
250140	5
250391	5
250642	5
250893	5
251145	5
251397	5
251649	5
251901	5
252154	5
252407	5
252660	5
252913	5
253167	5
253421	5
253675	5
253929	5
254184	5
254439	5
254694	5
254949	5
255205	5
255461	5
255717	5
255973	5
256230	5
256487	5
256744	5
257001	5
257259	5
257517	5
257685	4
257943	4
258202	4
258461	4
258720	4
258979	4
259239	4
259499	4
259759	4
260019	4
260280	4
260541	4
260802	4
261063	4
261325	4
261587	4
261849	4
262111	4
262374	4
262637	4
262900	4
263164	4
263428	4
263692	4
263956	4
264221	4
264486	4
264751	4
265016	4
265282	4
265548	4
265814	4
266080	4
266347	4
266614	4
266881	4
267149	4
267417	4
267685	4
267953	4
268222	4
268491	4
268760	4
269029	4
269299	4
269569	4
269839	4
270109	4
270380	4
270651	4
270922	4
271194	4
271466	4
271738	4
272010	4
272283	4
272556	4
272829	4
273102	4
273376	4
273650	4
273924	4
274199	4
274474	4
274749	4
275024	4
275300	4
275576	4
275852	4
276128	4
276405	4
276682	4
276959	4
277237	4
277515	4
277793	4
278071	4
278350	4
278629	4
278687	3
278966	3
279246	3
279526	3
279806	3
280086	3
280367	3
280648	3
280929	3
281211	3
281493	3
281775	3
282057	3
282340	3
282623	3
282906	3
283190	3
283474	3
283758	3
284042	3
284327	3
284612	3
284897	3
285183	3
285469	3
285755	3
286041	3
286328	3
286615	3
286902	3
287190	3
287478	3
287766	3
288054	3
288343	3
288632	3
288921	3
289211	3
289501	3
289791	3
290081	3
290372	3
290663	3
290954	3
291246	3
291538	3
291830	3
292122	3
292415	3
292708	3
293001	3
293295	3
293589	3
293883	3
294178	3
294473	3
294768	3
295063	3
295359	3
295655	3
295951	3
296248	3
296545	3
296842	3
297139	3
297437	3
297735	3
298033	3
298332	3
298631	3
298930	3
299230	3
299530	3
299830	3
300130	3
300431	3
300732	3
301033	3
301335	3
301637	3
301939	3
302242	3
302545	3
302848	3
303152	3
303456	3
303760	3
304064	3
304369	3
304674	3
304979	3
305285	3
305314	2
305620	2
305926	2
306233	2
306540	2
306847	2
307155	2
307463	2
307771	2
308079	2
308388	2
308697	2
309006	2
309316	2
309626	2
309936	2
310247	2
310558	2
310869	2
311181	2
311493	2
311805	2
312117	2
312430	2
312743	2
313056	2
313370	2
313684	2
313998	2
314313	2
314628	2
314943	2
315259	2
315575	2
315891	2
316208	2
316525	2
316842	2
317160	2
317478	2
317796	2
318114	2
318433	2
318752	2
319071	2
319391	2
319711	2
320031	2
320352	2
320673	2
320994	2
321316	2
321638	2
321960	2
322283	2
322606	2
322929	2
323253	2
323577	2
323901	2
324226	2
324551	2
324876	2
325202	2
325528	2
325854	2
326181	2
326508	2
326835	2
327162	2
327490	2
327818	2
328146	2
328475	2
328804	2
329133	2
329463	2
329793	2
330123	2
330454	2
330785	2
331116	2
331448	2
331780	2
332112	2
332445	2
332778	2
333111	2
333445	2
333779	2
334113	2
334448	2
334783	2
335118	2
335454	2
335790	2
336126	2
336463	2
336800	2
337137	2
337475	2
337813	2
338151	2
338490	2
338829	2
339168	2
339508	2
339848	2
340189	2
340530	2
340871	2
341213	2
341555	2
341897	2
341970	1
342313	1
342656	1
342999	1
343343	1
343687	1
344031	1
344376	1
344721	1
345066	1
345412	1
345758	1
346104	1
346451	1
346798	1
347145	1
347493	1
347841	1
348190	1
348539	1
348888	1
349238	1
349588	1
349938	1
350289	1
350640	1
350991	1
351343	1
351695	1
352047	1
352400	1
352753	1
353106	1
353460	1
353814	1
354168	1
354523	1
354878	1
355234	1
355590	1
355946	1
356303	1
356660	1
357017	1
357375	1
357733	1
358091	1
358450	1
358809	1
359168	1
359528	1
359888	1
360249	1
360610	1
360971	1
361333	1
361695	1
362057	1
362420	1
362783	1
363146	1
363510	1
363874	1
364239	1
364604	1
364969	1
365335	1
365701	1
366067	1
366434	1
366801	1
367168	1
367536	1
367904	1
368273	1
368642	1
369011	1
369381	1
369751	1
370121	1
370492	1
370863	1
371235	1
371607	1
371979	1
372352	1
372725	1
373098	1
373472	1
373846	1
374221	1
374596	1
374971	1
375347	1
375723	1
376099	1
376476	1
376853	1
377231	1
377609	1
377987	1
378366	1
378745	1
379124	1
379504	1
379884	1
380265	1
380646	1
381027	1
381409	1
381791	1
382173	1
382556	1
382939	1
383323	1
383707	1
384091	1
384476	1
384861	1
385247	1
385633	1
386019	1
386406	1
386793	1
387180	1
387568	1
387956	1
388345	1
388734	1
389123	1
389513	1
389903	1
390294	1
390685	1
391076	1
391468	1
391860	1
392253	1
392646	1
393039	1
393433	1
393827	1
394222	1
394617	1
395012	1
395408	1
395804	1
396201	1
396598	1
396995	1
397393	1
397791	1
398189	1
398588	1
398987	1
399387	1
399787	1
400187	1
400588	1
400989	1
401391	1
401793	1
402195	1
402598	1
403001	1
403405	1
403809	1
404214	1
404619	1
405024	1
405430	1
405836	1
406243	1
406650	1
407057	1
407465	1
407873	1
408282	1
408691	1
409100	1
409510	1
409920	1
410331	1
